Id,date,TotalSteps,Calories,SedentaryMinutes,VeryActiveMinutes,LightlyActiveMinutes,TotalMinutesAsleep,AvgHR,MaxHR,MinHR,HRCount,weekday,zero_step_high_cal,valid_row,steps_bucket
1503960366,2016-04-12,13162,1985,728,25,328,327.0,,,,,Tuesday,False,True,>10k
1503960366,2016-04-13,10735,1797,776,21,217,384.0,,,,,Wednesday,False,True,>10k
1503960366,2016-04-14,10460,1776,1218,30,181,,,,,,Thursday,False,True,>10k
1503960366,2016-04-15,9762,1745,726,29,209,412.0,,,,,Friday,False,True,5k-10k
1503960366,2016-04-16,12669,1863,773,36,221,340.0,,,,,Saturday,False,True,>10k
1503960366,2016-04-17,9705,1728,539,38,164,700.0,,,,,Sunday,False,True,5k-10k
1503960366,2016-04-18,13019,1921,1149,42,233,,,,,,Monday,False,True,>10k
1503960366,2016-04-19,15506,2035,775,50,264,304.0,,,,,Tuesday,False,True,>10k
1503960366,2016-04-20,10544,1786,818,28,205,360.0,,,,,Wednesday,False,True,>10k
1503960366,2016-04-21,9819,1775,838,19,211,325.0,,,,,Thursday,False,True,5k-10k
1503960366,2016-04-22,12764,1827,1217,66,130,,,,,,Friday,False,True,>10k
1503960366,2016-04-23,14371,1949,732,41,262,361.0,,,,,Saturday,False,True,>10k
1503960366,2016-04-24,10039,1788,709,39,238,430.0,,,,,Sunday,False,True,>10k
1503960366,2016-04-25,15355,2013,814,73,216,277.0,,,,,Monday,False,True,>10k
1503960366,2016-04-26,13755,1970,833,31,279,245.0,,,,,Tuesday,False,True,>10k
1503960366,2016-04-27,18134,2159,1108,78,243,,,,,,Wednesday,False,True,>10k
1503960366,2016-04-28,13154,1898,782,48,189,366.0,,,,,Thursday,False,True,>10k
1503960366,2016-04-29,11181,1837,815,16,243,341.0,,,,,Friday,False,True,>10k
1503960366,2016-04-30,14673,1947,712,52,217,404.0,,,,,Saturday,False,True,>10k
1503960366,2016-05-01,10602,1820,730,33,246,369.0,,,,,Sunday,False,True,>10k
1503960366,2016-05-02,14727,2004,798,41,277,277.0,,,,,Monday,False,True,>10k
1503960366,2016-05-03,15103,1990,816,50,254,273.0,,,,,Tuesday,False,True,>10k
1503960366,2016-05-04,11100,1819,1179,36,203,,,,,,Wednesday,False,True,>10k
1503960366,2016-05-05,14070,1959,857,45,250,247.0,,,,,Thursday,False,True,>10k
1503960366,2016-05-06,12159,1896,754,24,289,334.0,,,,,Friday,False,True,>10k
1503960366,2016-05-07,11992,1821,833,37,175,331.0,,,,,Saturday,False,True,>10k
1503960366,2016-05-08,10060,1740,574,44,203,594.0,,,,,Sunday,False,True,>10k
1503960366,2016-05-09,12022,1819,835,46,206,338.0,,,,,Monday,False,True,>10k
1503960366,2016-05-10,12207,1859,746,46,214,383.0,,,,,Tuesday,False,True,>10k
1503960366,2016-05-11,12770,1783,669,36,251,285.0,,,,,Wednesday,False,True,>10k
1503960366,2016-05-12,0,0,1440,0,0,,,,,,Thursday,False,True,<5k
1624580081,2016-04-12,8163,1432,1294,0,146,,,,,,Tuesday,False,True,5k-10k
1624580081,2016-04-13,7007,1411,1292,0,148,,,,,,Wednesday,False,True,5k-10k
1624580081,2016-04-14,9107,1572,1204,0,236,,,,,,Thursday,False,True,5k-10k
1624580081,2016-04-15,1510,1344,1344,0,96,,,,,,Friday,False,True,<5k
1624580081,2016-04-16,5370,1463,1264,0,176,,,,,,Saturday,False,True,5k-10k
1624580081,2016-04-17,6175,1554,1276,15,127,,,,,,Sunday,False,True,5k-10k
1624580081,2016-04-18,10536,1604,1214,17,202,,,,,,Monday,False,True,>10k
1624580081,2016-04-19,2916,1435,1299,0,141,,,,,,Tuesday,False,True,<5k
1624580081,2016-04-20,4974,1446,1289,0,151,,,,,,Wednesday,False,True,<5k
1624580081,2016-04-21,6349,1467,1254,0,186,,,,,,Thursday,False,True,5k-10k
1624580081,2016-04-22,4026,1470,1241,0,199,,,,,,Friday,False,True,<5k
1624580081,2016-04-23,8538,1562,1213,0,227,,,,,,Saturday,False,True,5k-10k
1624580081,2016-04-24,6076,1617,1221,16,185,,,,,,Sunday,False,True,5k-10k
1624580081,2016-04-25,6497,1492,1238,0,202,,,,,,Monday,False,True,5k-10k
1624580081,2016-04-26,2826,1402,1300,0,140,,,,,,Tuesday,False,True,<5k
1624580081,2016-04-27,8367,1670,1233,17,154,,,,,,Wednesday,False,True,5k-10k
1624580081,2016-04-28,2759,1401,1320,0,115,,,,,,Thursday,False,True,<5k
1624580081,2016-04-29,2390,1404,1290,0,150,,,,,,Friday,False,True,<5k
1624580081,2016-04-30,6474,1655,1182,11,224,,,,,,Saturday,False,True,5k-10k
1624580081,2016-05-01,36019,2690,1020,186,171,,,,,,Sunday,False,True,>10k
1624580081,2016-05-02,7155,1497,1261,7,166,,,,,,Monday,False,True,5k-10k
1624580081,2016-05-03,2100,1334,1344,0,96,,,,,,Tuesday,False,True,<5k
1624580081,2016-05-04,2193,1368,1322,0,118,,,,,,Wednesday,False,True,<5k
1624580081,2016-05-05,2470,1370,1323,0,117,,,,,,Thursday,False,True,<5k
1624580081,2016-05-06,1727,1341,1338,0,102,,,,,,Friday,False,True,<5k
1624580081,2016-05-07,2104,1474,1258,0,182,,,,,,Saturday,False,True,<5k
1624580081,2016-05-08,3427,1427,1288,0,152,,,,,,Sunday,False,True,<5k
1624580081,2016-05-09,1732,1328,1349,0,91,,,,,,Monday,False,True,<5k
1624580081,2016-05-10,2969,1393,1301,0,139,,,,,,Tuesday,False,True,<5k
1624580081,2016-05-11,3134,1359,1328,0,112,,,,,,Wednesday,False,True,<5k
1624580081,2016-05-12,2971,1002,890,0,107,,,,,,Thursday,False,True,<5k
1644430081,2016-04-12,10694,3199,1131,2,256,,,,,,Tuesday,False,True,>10k
1644430081,2016-04-13,8001,2902,1259,30,135,,,,,,Wednesday,False,True,5k-10k
1644430081,2016-04-14,11037,3226,1125,5,252,,,,,,Thursday,False,True,>10k
1644430081,2016-04-15,5263,2750,1263,3,170,,,,,,Friday,False,True,5k-10k
1644430081,2016-04-16,15300,3493,1135,51,212,,,,,,Saturday,False,True,>10k
1644430081,2016-04-17,8757,3011,1212,29,186,,,,,,Sunday,False,True,5k-10k
1644430081,2016-04-18,7132,2806,1271,15,121,,,,,,Monday,False,True,5k-10k
1644430081,2016-04-19,11256,3300,1099,5,278,,,,,,Tuesday,False,True,>10k
1644430081,2016-04-20,2436,2430,1315,0,125,,,,,,Wednesday,False,True,<5k
1644430081,2016-04-21,1223,2140,1402,0,38,,,,,,Thursday,False,True,<5k
1644430081,2016-04-22,3673,2344,1354,0,86,,,,,,Friday,False,True,<5k
1644430081,2016-04-23,6637,2677,1265,0,160,,,,,,Saturday,False,True,5k-10k
1644430081,2016-04-24,3321,2413,1351,0,89,,,,,,Sunday,False,True,<5k
1644430081,2016-04-25,3580,2497,1337,8,94,,,,,,Monday,False,True,<5k
1644430081,2016-04-26,9919,3123,1165,11,223,,,,,,Tuesday,False,True,5k-10k
1644430081,2016-04-27,3032,2489,1322,0,118,,,,,,Wednesday,False,True,<5k
1644430081,2016-04-28,9405,3108,1157,3,227,,,,,,Thursday,False,True,5k-10k
1644430081,2016-04-29,3176,2498,1193,0,120,119.0,,,,,Friday,False,True,<5k
1644430081,2016-04-30,18213,3846,816,9,402,124.0,,,,,Saturday,False,True,>10k
1644430081,2016-05-01,6132,2696,908,3,146,,,,,,Sunday,False,True,5k-10k
1644430081,2016-05-02,3758,2580,682,1,148,796.0,,,,,Monday,False,True,<5k
1644430081,2016-05-03,12850,3324,1115,10,221,,,,,,Tuesday,False,True,>10k
1644430081,2016-05-04,2309,2222,1388,0,52,,,,,,Wednesday,False,True,<5k
1644430081,2016-05-05,4363,2463,1341,6,81,,,,,,Thursday,False,True,<5k
1644430081,2016-05-06,9787,3328,1054,11,369,,,,,,Friday,False,True,5k-10k
1644430081,2016-05-07,13372,3404,1139,41,243,,,,,,Saturday,False,True,>10k
1644430081,2016-05-08,6724,2987,991,0,295,137.0,,,,,Sunday,False,True,5k-10k
1644430081,2016-05-09,6643,3008,1099,32,303,,,,,,Monday,False,True,5k-10k
1644430081,2016-05-10,9167,2799,1254,12,155,,,,,,Tuesday,False,True,5k-10k
1644430081,2016-05-11,1329,1276,713,0,49,,,,,,Wednesday,False,True,<5k
1844505072,2016-04-12,6697,2030,1101,0,339,,,,,,Tuesday,False,True,5k-10k
1844505072,2016-04-13,4929,1860,1192,0,248,,,,,,Wednesday,False,True,<5k
1844505072,2016-04-14,7937,2130,843,0,373,,,,,,Thursday,False,True,5k-10k
1844505072,2016-04-15,3844,1725,527,0,176,644.0,,,,,Friday,False,True,<5k
1844505072,2016-04-16,3414,1657,1293,0,147,,,,,,Saturday,False,True,<5k
1844505072,2016-04-17,4525,1793,1231,2,199,,,,,,Sunday,False,True,<5k
1844505072,2016-04-18,4597,1814,1211,0,217,,,,,,Monday,False,True,<5k
1844505072,2016-04-19,197,1366,1430,0,10,,,,,,Tuesday,False,True,<5k
1844505072,2016-04-20,8,1349,1439,0,1,,,,,,Wednesday,False,True,<5k
1844505072,2016-04-21,8054,2062,1117,2,308,,,,,,Thursday,False,True,5k-10k
1844505072,2016-04-22,5372,1827,1220,0,220,,,,,,Friday,False,True,5k-10k
1844505072,2016-04-23,3570,1645,1301,0,139,,,,,,Saturday,False,True,<5k
1844505072,2016-04-24,0,1347,1440,0,0,,,,,,Sunday,False,True,<5k
1844505072,2016-04-25,0,1347,1440,0,0,,,,,,Monday,False,True,<5k
1844505072,2016-04-26,0,1347,1440,0,0,,,,,,Tuesday,False,True,<5k
1844505072,2016-04-27,4,1348,1439,0,1,,,,,,Wednesday,False,True,<5k
1844505072,2016-04-28,6907,1992,1138,0,302,,,,,,Thursday,False,True,5k-10k
1844505072,2016-04-29,4920,1856,1082,0,247,,,,,,Friday,False,True,<5k
1844505072,2016-04-30,4014,1763,218,0,184,722.0,,,,,Saturday,False,True,<5k
1844505072,2016-05-01,2573,1541,585,0,75,590.0,,,,,Sunday,False,True,<5k
1844505072,2016-05-02,0,1348,1440,0,0,,,,,,Monday,False,True,<5k
1844505072,2016-05-03,4059,1742,1256,0,184,,,,,,Tuesday,False,True,<5k
1844505072,2016-05-04,2080,1549,1353,0,87,,,,,,Wednesday,False,True,<5k
1844505072,2016-05-05,2237,1589,1320,0,120,,,,,,Thursday,False,True,<5k
1844505072,2016-05-06,44,1351,1438,0,2,,,,,,Friday,False,True,<5k
1844505072,2016-05-07,0,1347,1440,0,0,,,,,,Saturday,False,True,<5k
1844505072,2016-05-08,0,1347,1440,0,0,,,,,,Sunday,False,True,<5k
1844505072,2016-05-09,0,1347,1440,0,0,,,,,,Monday,False,True,<5k
1844505072,2016-05-10,0,1347,1440,0,0,,,,,,Tuesday,False,True,<5k
1844505072,2016-05-11,0,1347,1440,0,0,,,,,,Wednesday,False,True,<5k
1844505072,2016-05-12,0,665,711,0,0,,,,,,Thursday,False,True,<5k
1927972279,2016-04-12,678,2220,734,0,55,750.0,,,,,Tuesday,False,True,<5k
1927972279,2016-04-13,356,2151,986,0,32,398.0,,,,,Wednesday,False,True,<5k
1927972279,2016-04-14,2163,2383,1292,0,88,,,,,,Thursday,False,True,<5k
1927972279,2016-04-15,980,2221,941,0,51,475.0,,,,,Friday,False,True,<5k
1927972279,2016-04-16,0,2064,1440,0,0,,,,,,Saturday,False,True,<5k
1927972279,2016-04-17,0,2063,1440,0,0,,,,,,Sunday,False,True,<5k
1927972279,2016-04-18,244,2111,1423,0,17,,,,,,Monday,False,True,<5k
1927972279,2016-04-19,0,2063,1440,0,0,,,,,,Tuesday,False,True,<5k
1927972279,2016-04-20,0,2063,1440,0,0,,,,,,Wednesday,False,True,<5k
1927972279,2016-04-21,0,2064,1440,0,0,,,,,,Thursday,False,True,<5k
1927972279,2016-04-22,149,2093,1430,0,10,,,,,,Friday,False,True,<5k
1927972279,2016-04-23,2945,2499,1295,0,145,,,,,,Saturday,False,True,<5k
1927972279,2016-04-24,2090,2324,1358,1,75,,,,,,Sunday,False,True,<5k
1927972279,2016-04-25,152,2100,1303,0,12,,,,,,Monday,False,True,<5k
1927972279,2016-04-26,3761,2638,1058,0,192,296.0,,,,,Tuesday,False,True,<5k
1927972279,2016-04-27,0,2063,1440,0,0,,,,,,Wednesday,False,True,<5k
1927972279,2016-04-28,1675,2351,1167,0,95,166.0,,,,,Thursday,False,True,<5k
1927972279,2016-04-29,0,2063,1440,0,0,,,,,,Friday,False,True,<5k
1927972279,2016-04-30,0,2064,1440,0,0,,,,,,Saturday,False,True,<5k
1927972279,2016-05-01,2704,2411,1355,14,70,,,,,,Sunday,False,True,<5k
1927972279,2016-05-02,3790,2505,1322,16,94,,,,,,Monday,False,True,<5k
1927972279,2016-05-03,1326,2195,1413,10,17,,,,,,Tuesday,False,True,<5k
1927972279,2016-05-04,1786,2338,1353,0,87,,,,,,Wednesday,False,True,<5k
1927972279,2016-05-05,0,2063,1440,0,0,,,,,,Thursday,False,True,<5k
1927972279,2016-05-06,2091,2383,1332,0,108,,,,,,Friday,False,True,<5k
1927972279,2016-05-07,1510,2229,1392,0,48,,,,,,Saturday,False,True,<5k
1927972279,2016-05-08,0,2063,1440,0,0,,,,,,Sunday,False,True,<5k
1927972279,2016-05-09,0,2063,1440,0,0,,,,,,Monday,False,True,<5k
1927972279,2016-05-10,0,2063,1440,0,0,,,,,,Tuesday,False,True,<5k
1927972279,2016-05-11,0,2063,1440,0,0,,,,,,Wednesday,False,True,<5k
1927972279,2016-05-12,0,1383,966,0,0,,,,,,Thursday,False,True,<5k
2022484408,2016-04-12,11875,2390,1157,42,227,,75.8,134.0,52.0,4836.0,Tuesday,False,True,>10k
2022484408,2016-04-13,12024,2601,1100,43,292,,80.3,156.0,51.0,5332.0,Wednesday,False,True,>10k
2022484408,2016-04-14,10690,2312,1148,32,257,,72.6,127.0,50.0,5560.0,Thursday,False,True,>10k
2022484408,2016-04-15,11034,2525,1122,27,282,,80.4,189.0,53.0,5302.0,Friday,False,True,>10k
2022484408,2016-04-16,10100,2177,1237,41,151,,76.0,136.0,49.0,3143.0,Saturday,False,True,>10k
2022484408,2016-04-17,15112,2782,1052,28,331,,83.9,161.0,52.0,4948.0,Sunday,False,True,>10k
2022484408,2016-04-18,14131,2770,1078,48,311,,82.7,153.0,54.0,5589.0,Monday,False,True,>10k
2022484408,2016-04-19,11548,2489,1152,31,250,,82.0,162.0,54.0,4500.0,Tuesday,False,True,>10k
2022484408,2016-04-20,15112,2897,1053,48,276,,83.4,166.0,50.0,6040.0,Wednesday,False,True,>10k
2022484408,2016-04-21,12453,3158,1028,104,255,,86.4,203.0,53.0,5544.0,Thursday,False,True,>10k
2022484408,2016-04-22,12954,2638,1105,52,273,,80.1,153.0,52.0,5636.0,Friday,False,True,>10k
2022484408,2016-04-23,6001,2069,1191,0,249,,71.8,109.0,50.0,4178.0,Saturday,False,True,5k-10k
2022484408,2016-04-24,13481,2529,1161,37,216,,82.4,163.0,53.0,4209.0,Sunday,False,True,>10k
2022484408,2016-04-25,11369,2470,1171,44,217,,82.6,159.0,49.0,3812.0,Monday,False,True,>10k
2022484408,2016-04-26,10119,2793,1086,55,275,,83.3,154.0,51.0,5586.0,Tuesday,False,True,>10k
2022484408,2016-04-27,10159,2463,1119,19,282,,80.9,145.0,38.0,4441.0,Wednesday,False,True,>10k
2022484408,2016-04-28,10140,2296,1123,6,291,,71.3,114.0,51.0,5561.0,Thursday,False,True,>10k
2022484408,2016-04-29,10245,2611,1098,21,281,,83.4,134.0,50.0,4832.0,Friday,False,True,>10k
2022484408,2016-04-30,18387,2732,1043,13,361,,77.5,123.0,51.0,5486.0,Saturday,False,True,>10k
2022484408,2016-05-01,10538,2380,1142,25,245,,73.5,118.0,44.0,4482.0,Sunday,False,True,>10k
2022484408,2016-05-02,10379,2473,1119,36,277,,77.2,137.0,50.0,7814.0,Monday,False,True,>10k
2022484408,2016-05-03,12183,2752,1104,72,250,,83.0,169.0,51.0,5708.0,Tuesday,False,True,>10k
2022484408,2016-05-04,11768,2649,1105,36,272,,82.8,159.0,54.0,6225.0,Wednesday,False,True,>10k
2022484408,2016-05-05,11895,2609,1112,55,253,,80.7,156.0,55.0,6749.0,Thursday,False,True,>10k
2022484408,2016-05-06,10227,2498,1104,24,295,,81.7,118.0,60.0,5358.0,Friday,False,True,>10k
2022484408,2016-05-07,6708,1995,1269,20,149,,76.1,128.0,52.0,2596.0,Saturday,False,True,5k-10k
2022484408,2016-05-08,3292,1848,1305,0,135,,77.0,127.0,53.0,1720.0,Sunday,False,True,<5k
2022484408,2016-05-09,13379,2709,1061,35,297,,81.5,133.0,51.0,6249.0,Monday,False,True,>10k
2022484408,2016-05-10,12798,2797,1084,57,271,,86.6,166.0,57.0,4894.0,Tuesday,False,True,>10k
2022484408,2016-05-11,13272,2544,1133,58,224,,83.5,138.0,55.0,4247.0,Wednesday,False,True,>10k
2022484408,2016-05-12,9117,1853,728,16,236,,81.4,152.0,55.0,3527.0,Thursday,False,True,5k-10k
2026352035,2016-04-12,4414,1459,706,3,181,503.0,,,,,Tuesday,False,True,<5k
2026352035,2016-04-13,4993,1521,663,0,238,531.0,,,,,Wednesday,False,True,<5k
2026352035,2016-04-14,3335,1431,653,0,197,545.0,,,,,Thursday,False,True,<5k
2026352035,2016-04-15,3821,1444,687,0,188,523.0,,,,,Friday,False,True,<5k
2026352035,2016-04-16,2547,1373,728,0,150,524.0,,,,,Saturday,False,True,<5k
2026352035,2016-04-17,838,1214,1053,0,60,437.0,68.7,80.0,63.0,192.0,Sunday,False,True,<5k
2026352035,2016-04-18,3325,1419,1062,0,182,,,,,,Monday,False,True,<5k
2026352035,2016-04-19,2424,1356,785,0,141,498.0,,,,,Tuesday,False,True,<5k
2026352035,2016-04-20,7222,1667,623,0,327,461.0,,,,,Wednesday,False,True,5k-10k
2026352035,2016-04-21,2467,1370,749,0,153,477.0,,,,,Thursday,False,True,<5k
2026352035,2016-04-22,2915,1399,712,0,162,520.0,,,,,Friday,False,True,<5k
2026352035,2016-04-23,12357,1916,458,0,432,522.0,,,,,Saturday,False,True,>10k
2026352035,2016-04-24,3490,1401,704,0,164,555.0,,,,,Sunday,False,True,<5k
2026352035,2016-04-25,6017,1576,821,0,260,506.0,99.5,125.0,70.0,516.0,Monday,False,True,5k-10k
2026352035,2016-04-26,5933,1595,1018,0,288,,,,,,Tuesday,False,True,5k-10k
2026352035,2016-04-27,6088,1593,586,0,286,508.0,,,,,Wednesday,False,True,5k-10k
2026352035,2016-04-28,6375,1649,626,0,331,513.0,,,,,Thursday,False,True,5k-10k
2026352035,2016-04-29,7604,1692,492,0,352,490.0,,,,,Friday,False,True,5k-10k
2026352035,2016-04-30,4729,1506,594,0,233,573.0,,,,,Saturday,False,True,<5k
2026352035,2016-05-01,3609,1447,716,0,191,527.0,,,,,Sunday,False,True,<5k
2026352035,2016-05-02,7018,1690,716,0,355,511.0,84.1,122.0,70.0,431.0,Monday,False,True,5k-10k
2026352035,2016-05-03,5992,1604,981,0,304,,,,,,Tuesday,False,True,5k-10k
2026352035,2016-05-04,6564,1658,530,0,345,538.0,,,,,Wednesday,False,True,5k-10k
2026352035,2016-05-05,12167,1926,479,0,475,468.0,,,,,Thursday,False,True,>10k
2026352035,2016-05-06,8198,1736,511,0,383,524.0,,,,,Friday,False,True,5k-10k
2026352035,2016-05-07,4193,1491,665,0,229,511.0,,,,,Saturday,False,True,<5k
2026352035,2016-05-08,5528,1555,610,0,258,541.0,,,,,Sunday,False,True,5k-10k
2026352035,2016-05-09,10685,1869,543,0,401,531.0,98.2,123.0,70.0,1351.0,Monday,False,True,>10k
2026352035,2016-05-10,254,1141,1002,0,17,357.0,,,,,Tuesday,False,True,<5k
2026352035,2016-05-11,8580,1698,569,0,330,523.0,,,,,Wednesday,False,True,5k-10k
2026352035,2016-05-12,8891,1364,330,0,343,456.0,,,,,Thursday,False,True,5k-10k
2320127002,2016-04-12,10725,2124,1112,13,306,,,,,,Tuesday,False,True,>10k
2320127002,2016-04-13,7275,2003,1105,0,335,,,,,,Wednesday,False,True,5k-10k
2320127002,2016-04-14,3973,1696,1249,0,191,,,,,,Thursday,False,True,<5k
2320127002,2016-04-15,5205,1801,1195,0,245,,,,,,Friday,False,True,5k-10k
2320127002,2016-04-16,5057,1724,1245,0,195,,,,,,Saturday,False,True,5k-10k
2320127002,2016-04-17,6198,1852,1191,0,249,,,,,,Sunday,False,True,5k-10k
2320127002,2016-04-18,6559,1905,1173,0,260,,,,,,Monday,False,True,5k-10k
2320127002,2016-04-19,5997,1811,1201,0,228,,,,,,Tuesday,False,True,5k-10k
2320127002,2016-04-20,7192,1922,1146,0,283,,,,,,Wednesday,False,True,5k-10k
2320127002,2016-04-21,3404,1610,1302,1,127,,,,,,Thursday,False,True,<5k
2320127002,2016-04-22,5583,1851,1174,0,266,,,,,,Friday,False,True,5k-10k
2320127002,2016-04-23,5079,1804,1129,0,242,61.0,,,,,Saturday,False,True,5k-10k
2320127002,2016-04-24,4165,1725,1236,0,204,,,,,,Sunday,False,True,<5k
2320127002,2016-04-25,3588,1654,1280,3,152,,,,,,Monday,False,True,<5k
2320127002,2016-04-26,3409,1632,1293,0,147,,,,,,Tuesday,False,True,<5k
2320127002,2016-04-27,1715,1481,1358,0,82,,,,,,Wednesday,False,True,<5k
2320127002,2016-04-28,1532,1473,1364,0,76,,,,,,Thursday,False,True,<5k
2320127002,2016-04-29,924,1410,1395,0,45,,,,,,Friday,False,True,<5k
2320127002,2016-04-30,4571,1779,1206,0,234,,,,,,Saturday,False,True,<5k
2320127002,2016-05-01,772,1403,1400,0,40,,,,,,Sunday,False,True,<5k
2320127002,2016-05-02,3634,1613,1306,5,123,,,,,,Monday,False,True,<5k
2320127002,2016-05-03,7443,1878,1204,20,206,,,,,,Tuesday,False,True,5k-10k
2320127002,2016-05-04,1201,1426,1388,0,52,,,,,,Wednesday,False,True,<5k
2320127002,2016-05-05,5202,1780,1206,0,223,,,,,,Thursday,False,True,5k-10k
2320127002,2016-05-06,4878,1742,1236,0,204,,,,,,Friday,False,True,<5k
2320127002,2016-05-07,7379,1972,1121,0,319,,,,,,Saturday,False,True,5k-10k
2320127002,2016-05-08,5161,1821,1193,0,247,,,,,,Sunday,False,True,5k-10k
2320127002,2016-05-09,3090,1630,1295,0,145,,,,,,Monday,False,True,<5k
2320127002,2016-05-10,6227,1899,1150,0,290,,,,,,Tuesday,False,True,5k-10k
2320127002,2016-05-11,6424,1903,1140,0,300,,,,,,Wednesday,False,True,5k-10k
2320127002,2016-05-12,2661,1125,830,0,128,,,,,,Thursday,False,True,<5k
2347167796,2016-04-12,10113,2344,964,28,320,,86.1,172.0,57.0,6753.0,Tuesday,False,True,>10k
2347167796,2016-04-13,10352,2038,676,19,195,467.0,73.8,158.0,55.0,9268.0,Wednesday,False,True,>10k
2347167796,2016-04-14,10129,2010,705,1,206,445.0,72.6,154.0,52.0,9153.0,Thursday,False,True,>10k
2347167796,2016-04-15,10465,2133,720,1,284,452.0,75.7,136.0,55.0,9557.0,Friday,False,True,>10k
2347167796,2016-04-16,22244,2670,968,66,268,,96.6,168.0,58.0,9035.0,Saturday,False,True,>10k
2347167796,2016-04-17,5472,1882,508,1,249,556.0,75.4,134.0,55.0,8990.0,Sunday,False,True,5k-10k
2347167796,2016-04-18,8247,1944,678,11,206,500.0,71.2,134.0,53.0,9339.0,Monday,False,True,5k-10k
2347167796,2016-04-19,6711,2346,648,0,382,465.0,81.3,195.0,53.0,7824.0,Tuesday,False,True,5k-10k
2347167796,2016-04-20,10999,2198,1011,11,269,,78.2,161.0,53.0,7156.0,Wednesday,False,True,>10k
2347167796,2016-04-21,10080,2048,761,23,208,460.0,73.4,171.0,51.0,9289.0,Thursday,False,True,>10k
2347167796,2016-04-22,7804,1946,781,9,206,405.0,72.0,165.0,53.0,9172.0,Friday,False,True,5k-10k
2347167796,2016-04-23,16901,2629,591,32,360,374.0,83.4,157.0,53.0,9543.0,Saturday,False,True,>10k
2347167796,2016-04-24,9471,2187,584,0,360,442.0,77.6,127.0,54.0,8832.0,Sunday,False,True,5k-10k
2347167796,2016-04-25,9482,2095,653,15,277,433.0,73.9,160.0,53.0,9528.0,Monday,False,True,5k-10k
2347167796,2016-04-26,5980,1861,732,0,227,436.0,71.7,122.0,49.0,9023.0,Tuesday,False,True,5k-10k
2347167796,2016-04-27,11423,2194,623,26,295,448.0,75.2,144.0,51.0,8842.0,Wednesday,False,True,>10k
2347167796,2016-04-28,5439,1854,764,0,229,408.0,73.4,138.0,55.0,9015.0,Thursday,False,True,5k-10k
2347167796,2016-04-29,42,403,2,0,4,411.0,62.9,85.0,54.0,2364.0,Friday,False,True,<5k
2873212765,2016-04-12,8796,1982,1061,2,356,,,,,,Tuesday,False,True,5k-10k
2873212765,2016-04-13,7618,2004,1028,0,404,,,,,,Wednesday,False,True,5k-10k
2873212765,2016-04-14,7910,1893,1109,0,331,,,,,,Thursday,False,True,5k-10k
2873212765,2016-04-15,8482,2063,992,0,448,,,,,,Friday,False,True,5k-10k
2873212765,2016-04-16,9685,2148,1087,47,305,,,,,,Saturday,False,True,5k-10k
2873212765,2016-04-17,2524,1529,1272,0,160,,,,,,Sunday,False,True,<5k
2873212765,2016-04-18,7762,1890,1122,1,311,,,,,,Monday,False,True,5k-10k
2873212765,2016-04-19,7948,1956,1051,0,389,,,,,,Tuesday,False,True,5k-10k
2873212765,2016-04-20,9202,2094,1035,22,378,,,,,,Wednesday,False,True,5k-10k
2873212765,2016-04-21,8859,1970,1057,2,371,,,,,,Thursday,False,True,5k-10k
2873212765,2016-04-22,7286,2241,1028,46,366,,,,,,Friday,False,True,5k-10k
2873212765,2016-04-23,9317,2021,1077,28,330,,,,,,Saturday,False,True,5k-10k
2873212765,2016-04-24,6873,1898,1203,46,190,,,,,,Sunday,False,True,5k-10k
2873212765,2016-04-25,7373,1907,1081,0,359,,,,,,Monday,False,True,5k-10k
2873212765,2016-04-26,8242,1882,1124,2,309,,,,,,Tuesday,False,True,5k-10k
2873212765,2016-04-27,3516,1966,1197,46,197,,,,,,Wednesday,False,True,<5k
2873212765,2016-04-28,7913,1835,1192,28,213,,,,,,Thursday,False,True,5k-10k
2873212765,2016-04-29,7365,1780,1191,20,206,,,,,,Friday,False,True,5k-10k
2873212765,2016-04-30,8452,1830,1167,5,248,,,,,,Saturday,False,True,5k-10k
2873212765,2016-05-01,7399,1739,1219,7,196,,,,,,Sunday,False,True,5k-10k
2873212765,2016-05-02,7525,1878,1099,0,334,,,,,,Monday,False,True,5k-10k
2873212765,2016-05-03,7412,1906,1070,1,363,,,,,,Tuesday,False,True,5k-10k
2873212765,2016-05-04,8278,2015,1020,0,420,,,,,,Wednesday,False,True,5k-10k
2873212765,2016-05-05,8314,1971,1093,13,311,,,,,,Thursday,False,True,5k-10k
2873212765,2016-05-06,7063,1910,1065,0,370,,,,,,Friday,False,True,5k-10k
2873212765,2016-05-07,4940,1897,1302,75,52,,,,,,Saturday,False,True,<5k
2873212765,2016-05-08,8168,2096,1068,46,326,,,,,,Sunday,False,True,5k-10k
2873212765,2016-05-09,7726,1906,1095,0,345,,,,,,Monday,False,True,5k-10k
2873212765,2016-05-10,8275,1962,1067,0,373,,,,,,Tuesday,False,True,5k-10k
2873212765,2016-05-11,6440,1826,1121,0,319,,,,,,Wednesday,False,True,5k-10k
2873212765,2016-05-12,7566,1431,720,0,268,,,,,,Thursday,False,True,5k-10k
3372868164,2016-04-12,4747,1788,1160,0,280,,,,,,Tuesday,False,True,<5k
3372868164,2016-04-13,9715,2093,1045,16,371,,,,,,Wednesday,False,True,5k-10k
3372868164,2016-04-14,8844,2065,1039,6,370,,,,,,Thursday,False,True,5k-10k
3372868164,2016-04-15,7451,1908,1105,0,335,,,,,,Friday,False,True,5k-10k
3372868164,2016-04-16,6905,1908,1084,0,356,,,,,,Saturday,False,True,5k-10k
3372868164,2016-04-17,8199,1964,1105,11,322,,,,,,Sunday,False,True,5k-10k
3372868164,2016-04-18,6798,2014,1070,20,343,,,,,,Monday,False,True,5k-10k
3372868164,2016-04-19,7711,1985,1064,0,376,,,,,,Tuesday,False,True,5k-10k
3372868164,2016-04-20,4880,1867,1148,15,274,,,,,,Wednesday,False,True,<5k
3372868164,2016-04-21,8857,2124,1037,18,376,,,,,,Thursday,False,True,5k-10k
3372868164,2016-04-22,3843,1669,1234,0,206,,,,,,Friday,False,True,<5k
3372868164,2016-04-23,7396,1995,1115,20,303,,,,,,Saturday,False,True,5k-10k
3372868164,2016-04-24,6731,1921,1127,14,292,,,,,,Sunday,False,True,5k-10k
3372868164,2016-04-25,5995,2010,1024,0,416,,,,,,Monday,False,True,5k-10k
3372868164,2016-04-26,8283,2057,1083,22,333,,,,,,Tuesday,False,True,5k-10k
3372868164,2016-04-27,7904,2095,1057,24,346,,,,,,Wednesday,False,True,5k-10k
3372868164,2016-04-28,5512,1972,1055,0,385,,,,,,Thursday,False,True,5k-10k
3372868164,2016-04-29,9135,2044,1038,0,402,,,,,,Friday,False,True,5k-10k
3372868164,2016-04-30,5250,1946,1119,17,300,,,,,,Saturday,False,True,5k-10k
3372868164,2016-05-01,3077,1237,842,0,172,,,,,,Sunday,False,True,<5k
3977333714,2016-04-12,8856,1450,777,44,131,274.0,,,,,Tuesday,False,True,5k-10k
3977333714,2016-04-13,10035,1495,754,31,153,295.0,,,,,Wednesday,False,True,>10k
3977333714,2016-04-14,7641,1433,801,5,214,291.0,,,,,Thursday,False,True,5k-10k
3977333714,2016-04-15,9010,1468,644,15,183,424.0,,,,,Friday,False,True,5k-10k
3977333714,2016-04-16,13459,1625,663,31,153,283.0,,,,,Saturday,False,True,>10k
3977333714,2016-04-17,10415,1529,600,11,205,381.0,,,,,Sunday,False,True,>10k
3977333714,2016-04-18,11663,1584,605,4,214,412.0,,,,,Monday,False,True,>10k
3977333714,2016-04-19,12414,1638,738,19,221,219.0,,,,,Tuesday,False,True,>10k
3977333714,2016-04-20,11658,1554,845,2,164,152.0,,,,,Wednesday,False,True,>10k
3977333714,2016-04-21,6093,1397,712,0,242,332.0,,,,,Thursday,False,True,5k-10k
3977333714,2016-04-22,8911,1481,731,33,188,355.0,,,,,Friday,False,True,5k-10k
3977333714,2016-04-23,12058,1638,724,0,252,235.0,,,,,Saturday,False,True,>10k
3977333714,2016-04-24,14112,1655,660,30,129,310.0,,,,,Sunday,False,True,>10k
3977333714,2016-04-25,11177,1570,781,50,133,262.0,,,,,Monday,False,True,>10k
3977333714,2016-04-26,11388,1551,797,7,170,250.0,,,,,Tuesday,False,True,>10k
3977333714,2016-04-27,7193,1377,714,0,176,349.0,,,,,Wednesday,False,True,5k-10k
3977333714,2016-04-28,7114,1407,804,15,190,261.0,,,,,Thursday,False,True,5k-10k
3977333714,2016-04-29,10645,1545,744,36,150,333.0,,,,,Friday,False,True,>10k
3977333714,2016-04-30,13238,1650,687,43,194,237.0,,,,,Saturday,False,True,>10k
3977333714,2016-05-01,10414,1501,691,41,124,383.0,,,,,Sunday,False,True,>10k
3977333714,2016-05-02,16520,1760,713,24,176,230.0,,,,,Monday,False,True,>10k
3977333714,2016-05-03,14335,1710,594,47,258,292.0,,,,,Tuesday,False,True,>10k
3977333714,2016-05-04,13559,1628,852,14,142,213.0,,,,,Wednesday,False,True,>10k
3977333714,2016-05-05,12312,1618,680,14,178,318.0,,,,,Thursday,False,True,>10k
3977333714,2016-05-06,11677,1590,676,29,168,323.0,,,,,Friday,False,True,>10k
3977333714,2016-05-07,11550,1574,703,0,208,237.0,,,,,Saturday,False,True,>10k
3977333714,2016-05-08,13585,1633,688,9,171,259.0,,,,,Sunday,False,True,>10k
3977333714,2016-05-09,14687,1667,1159,8,151,,,,,,Monday,False,True,>10k
3977333714,2016-05-10,13072,1630,676,1,196,312.0,,,,,Tuesday,False,True,>10k
3977333714,2016-05-11,746,52,13,4,9,,,,,,Wednesday,False,True,<5k
4020332650,2016-04-12,8539,3654,712,4,331,501.0,83.5,133.0,49.0,33963.0,Tuesday,False,True,5k-10k
4020332650,2016-04-13,0,1981,1440,0,0,,,,,,Wednesday,False,True,<5k
4020332650,2016-04-14,108,2011,1437,0,3,,90.7,133.0,65.0,1448.0,Thursday,False,True,<5k
4020332650,2016-04-15,1882,2951,1299,36,87,,92.9,191.0,51.0,10947.0,Friday,False,True,<5k
4020332650,2016-04-16,1982,3051,1222,65,55,77.0,100.9,143.0,62.0,8523.0,Saturday,False,True,<5k
4020332650,2016-04-17,16,1990,1438,0,2,,98.8,116.0,66.0,69.0,Sunday,False,True,<5k
4020332650,2016-04-18,62,1995,1438,0,2,,,,,,Monday,False,True,<5k
4020332650,2016-04-19,0,1980,1440,0,0,,,,,,Tuesday,False,True,<5k
4020332650,2016-04-20,0,1980,1440,0,0,,,,,,Wednesday,False,True,<5k
4020332650,2016-04-21,0,1980,1440,0,0,,,,,,Thursday,False,True,<5k
4020332650,2016-04-22,0,1980,1440,0,0,,,,,,Friday,False,True,<5k
4020332650,2016-04-23,0,1980,1440,0,0,,,,,,Saturday,False,True,<5k
4020332650,2016-04-24,0,1980,1440,0,0,,,,,,Sunday,False,True,<5k
4020332650,2016-04-25,0,1980,1440,0,0,,,,,,Monday,False,True,<5k
4020332650,2016-04-26,0,1980,1440,0,0,,,,,,Tuesday,False,True,<5k
4020332650,2016-04-27,0,1980,1440,0,0,,,,,,Wednesday,False,True,<5k
4020332650,2016-04-28,0,1980,1440,0,0,,,,,,Thursday,False,True,<5k
4020332650,2016-04-29,0,1980,1440,0,0,,,,,,Friday,False,True,<5k
4020332650,2016-04-30,0,1980,1440,0,0,,,,,,Saturday,False,True,<5k
4020332650,2016-05-01,0,1980,1440,0,0,,,,,,Sunday,False,True,<5k
4020332650,2016-05-02,475,2207,1350,0,31,,90.3,123.0,66.0,5566.0,Monday,False,True,<5k
4020332650,2016-05-03,4496,2828,950,0,174,322.0,77.9,127.0,52.0,35580.0,Tuesday,False,True,<5k
4020332650,2016-05-04,10252,3879,531,13,346,478.0,83.5,147.0,49.0,37357.0,Wednesday,False,True,>10k
4020332650,2016-05-05,11728,3429,916,38,196,226.0,85.6,126.0,49.0,21507.0,Thursday,False,True,>10k
4020332650,2016-05-06,4369,2704,855,0,177,385.0,75.6,116.0,50.0,25859.0,Friday,False,True,<5k
4020332650,2016-05-07,6132,2975,1256,0,184,,89.1,117.0,64.0,16695.0,Saturday,False,True,5k-10k
4020332650,2016-05-08,5862,3089,775,0,263,364.0,78.0,131.0,51.0,33998.0,Sunday,False,True,5k-10k
4020332650,2016-05-09,4556,2785,1225,3,173,,86.7,155.0,55.0,15180.0,Monday,False,True,<5k
4020332650,2016-05-10,5546,2926,774,0,206,442.0,72.6,142.0,46.0,29101.0,Tuesday,False,True,5k-10k
4020332650,2016-05-11,3689,2645,1296,2,134,,91.2,133.0,64.0,8626.0,Wednesday,False,True,<5k
4020332650,2016-05-12,590,1120,721,0,21,,94.3,125.0,70.0,1042.0,Thursday,False,True,<5k
4057192912,2016-04-12,5394,2286,1276,0,164,,,,,,Tuesday,False,True,5k-10k
4057192912,2016-04-13,5974,2306,1280,0,160,,,,,,Wednesday,False,True,5k-10k
4057192912,2016-04-14,0,1776,1440,0,0,,,,,,Thursday,False,True,<5k
4057192912,2016-04-15,3984,1527,873,3,88,,,,,,Friday,False,True,<5k
4319703577,2016-04-12,7753,2115,1440,0,0,,,,,,Tuesday,False,True,5k-10k
4319703577,2016-04-13,8204,2135,1234,8,96,,,,,,Wednesday,False,True,5k-10k
4319703577,2016-04-14,10210,2302,589,1,339,535.0,,,,,Thursday,False,True,>10k
4319703577,2016-04-15,5664,1985,752,0,228,465.0,,,,,Friday,False,True,5k-10k
4319703577,2016-04-16,4744,1884,724,0,194,506.0,,,,,Saturday,False,True,<5k
4319703577,2016-04-17,29,1464,1363,0,3,,,,,,Sunday,False,True,<5k
4319703577,2016-04-18,2276,1632,824,1,58,515.0,,,,,Monday,False,True,<5k
4319703577,2016-04-19,8925,2200,604,0,311,461.0,,,,,Tuesday,False,True,5k-10k
4319703577,2016-04-20,8954,2220,671,0,306,523.0,,,,,Wednesday,False,True,5k-10k
4319703577,2016-04-21,3702,1792,1265,0,34,59.0,,,,,Thursday,False,True,<5k
4319703577,2016-04-22,4500,1886,709,1,176,533.0,,,,,Friday,False,True,<5k
4319703577,2016-04-23,4935,1945,546,0,233,692.0,,,,,Saturday,False,True,<5k
4319703577,2016-04-24,4081,1880,692,1,191,467.0,,,,,Sunday,False,True,<5k
4319703577,2016-04-25,9259,2314,544,0,390,488.0,,,,,Monday,False,True,5k-10k
4319703577,2016-04-26,9899,2236,649,8,288,505.0,,,,,Tuesday,False,True,5k-10k
4319703577,2016-04-27,10780,2324,680,6,300,286.0,,,,,Wednesday,False,True,>10k
4319703577,2016-04-28,10817,2367,552,13,359,497.0,,,,,Thursday,False,True,>10k
4319703577,2016-04-29,7990,2175,624,6,289,523.0,,,,,Friday,False,True,5k-10k
4319703577,2016-04-30,8221,2092,695,6,196,490.0,,,,,Saturday,False,True,5k-10k
4319703577,2016-05-01,1251,1593,836,0,67,484.0,,,,,Sunday,False,True,<5k
4319703577,2016-05-02,9261,2270,585,0,344,478.0,,,,,Monday,False,True,5k-10k
4319703577,2016-05-03,9648,2235,669,8,287,474.0,,,,,Tuesday,False,True,5k-10k
4319703577,2016-05-04,10429,2282,1106,8,313,,,,,,Wednesday,False,True,>10k
4319703577,2016-05-05,13658,2530,957,27,328,,,,,,Thursday,False,True,>10k
4319703577,2016-05-06,9524,2266,692,6,314,450.0,,,,,Friday,False,True,5k-10k
4319703577,2016-05-07,7937,2158,586,3,279,507.0,,,,,Saturday,False,True,5k-10k
4319703577,2016-05-08,3672,1792,603,0,153,602.0,,,,,Sunday,False,True,<5k
4319703577,2016-05-09,10378,2345,490,2,374,535.0,,,,,Monday,False,True,>10k
4319703577,2016-05-10,9487,2260,555,3,329,487.0,,,,,Tuesday,False,True,5k-10k
4319703577,2016-05-11,9129,2232,574,3,311,529.0,,,,,Wednesday,False,True,5k-10k
4319703577,2016-05-12,17,257,0,0,2,302.0,,,,,Thursday,False,True,<5k
4388161847,2016-04-12,10122,2955,1440,0,0,,,,,,Tuesday,False,True,>10k
4388161847,2016-04-13,10993,3092,1275,1,150,,67.0,130.0,45.0,8208.0,Wednesday,False,True,>10k
4388161847,2016-04-14,8863,2998,945,10,219,,68.4,132.0,48.0,7392.0,Thursday,False,True,5k-10k
4388161847,2016-04-15,8758,3066,837,0,299,499.0,67.5,127.0,44.0,9205.0,Friday,False,True,5k-10k
4388161847,2016-04-16,6580,3073,609,6,253,426.0,75.5,142.0,56.0,8970.0,Saturday,False,True,5k-10k
4388161847,2016-04-17,4660,2572,721,0,201,619.0,66.4,113.0,49.0,8550.0,Sunday,False,True,<5k
4388161847,2016-04-18,11009,3274,1017,27,239,99.0,81.5,176.0,50.0,8051.0,Monday,False,True,>10k
4388161847,2016-04-19,10181,3015,704,20,249,329.0,65.5,136.0,46.0,9274.0,Tuesday,False,True,>10k
4388161847,2016-04-20,10553,3083,696,19,228,421.0,65.4,149.0,46.0,9216.0,Wednesday,False,True,>10k
4388161847,2016-04-21,10055,3069,853,7,272,442.0,63.1,146.0,42.0,7907.0,Thursday,False,True,>10k
4388161847,2016-04-22,12139,3544,945,77,220,82.0,73.3,149.0,49.0,7298.0,Friday,False,True,>10k
4388161847,2016-04-23,13236,3306,749,58,215,478.0,67.1,158.0,44.0,9326.0,Saturday,False,True,>10k
4388161847,2016-04-24,10243,2885,584,14,239,552.0,62.1,139.0,44.0,8663.0,Sunday,False,True,>10k
4388161847,2016-04-25,12961,3288,1054,11,301,,67.5,150.0,45.0,7759.0,Monday,False,True,>10k
4388161847,2016-04-26,9461,2929,673,14,224,319.0,62.5,128.0,42.0,9229.0,Tuesday,False,True,5k-10k
4388161847,2016-04-27,11193,3074,684,11,241,439.0,62.1,153.0,42.0,9351.0,Wednesday,False,True,>10k
4388161847,2016-04-28,10074,2969,878,19,234,428.0,62.3,131.0,41.0,7786.0,Thursday,False,True,>10k
4388161847,2016-04-29,9232,2979,1175,13,236,,66.1,133.0,44.0,7489.0,Friday,False,True,5k-10k
4388161847,2016-04-30,12533,3283,537,14,300,409.0,64.2,113.0,45.0,9302.0,Saturday,False,True,>10k
4388161847,2016-05-01,10255,2926,579,12,241,547.0,60.0,105.0,39.0,8837.0,Sunday,False,True,>10k
4388161847,2016-05-02,10096,3147,935,33,204,368.0,66.4,180.0,43.0,8216.0,Monday,False,True,>10k
4388161847,2016-05-03,12727,3290,984,18,306,,66.6,135.0,44.0,7740.0,Tuesday,False,True,>10k
4388161847,2016-05-04,12375,3162,632,35,251,390.0,61.9,126.0,42.0,9172.0,Wednesday,False,True,>10k
4388161847,2016-05-05,9603,2899,896,12,199,471.0,61.0,123.0,42.0,7797.0,Thursday,False,True,5k-10k
4388161847,2016-05-06,13175,3425,1100,33,262,,69.1,151.0,47.0,8188.0,Friday,False,True,>10k
4388161847,2016-05-07,22770,4022,508,120,260,472.0,66.6,153.0,41.0,9609.0,Saturday,False,True,>10k
4388161847,2016-05-08,17298,3934,576,107,178,529.0,76.8,171.0,43.0,9241.0,Sunday,False,True,>10k
4388161847,2016-05-09,10218,3013,1020,6,258,62.0,64.1,140.0,44.0,7425.0,Monday,False,True,>10k
4388161847,2016-05-10,10299,3061,648,13,267,354.0,61.2,121.0,41.0,9285.0,Tuesday,False,True,>10k
4388161847,2016-05-11,10201,2954,858,8,256,469.0,60.0,125.0,40.0,8026.0,Wednesday,False,True,>10k
4388161847,2016-05-12,3369,1623,825,0,108,,60.2,136.0,44.0,3236.0,Thursday,False,True,<5k
4445114986,2016-04-12,3276,2113,787,0,196,429.0,,,,,Tuesday,False,True,<5k
4445114986,2016-04-13,2961,2095,840,0,194,370.0,,,,,Wednesday,False,True,<5k
4445114986,2016-04-14,3974,2194,717,0,231,441.0,,,,,Thursday,False,True,<5k
4445114986,2016-04-15,7198,2496,711,0,350,337.0,,,,,Friday,False,True,5k-10k
4445114986,2016-04-16,3945,2180,716,0,225,462.0,,,,,Saturday,False,True,<5k
4445114986,2016-04-17,2268,1933,1219,0,114,98.0,,,,,Sunday,False,True,<5k
4445114986,2016-04-18,6155,2248,1247,25,162,,,,,,Monday,False,True,5k-10k
4445114986,2016-04-19,2064,1954,895,0,121,388.0,,,,,Tuesday,False,True,<5k
4445114986,2016-04-20,2072,1974,841,0,137,439.0,,,,,Wednesday,False,True,<5k
4445114986,2016-04-21,3809,2150,756,0,215,436.0,,,,,Thursday,False,True,<5k
4445114986,2016-04-22,6831,2432,706,0,317,388.0,,,,,Friday,False,True,5k-10k
4445114986,2016-04-23,4363,2149,1239,0,201,,,,,,Saturday,False,True,<5k
4445114986,2016-04-24,5002,2247,1196,0,244,,,,,,Sunday,False,True,5k-10k
4445114986,2016-04-25,3385,2070,916,0,179,328.0,,,,,Monday,False,True,<5k
4445114986,2016-04-26,6326,2291,839,29,180,353.0,,,,,Tuesday,False,True,5k-10k
4445114986,2016-04-27,7243,2361,839,32,194,332.0,,,,,Wednesday,False,True,5k-10k
4445114986,2016-04-28,4493,2203,762,0,236,419.0,,,,,Thursday,False,True,<5k
4445114986,2016-04-29,4676,2196,1106,0,226,106.0,,,,,Friday,False,True,<5k
4445114986,2016-04-30,6222,2363,797,0,290,322.0,,,,,Saturday,False,True,5k-10k
4445114986,2016-05-01,5232,2246,741,0,240,439.0,,,,,Sunday,False,True,5k-10k
4445114986,2016-05-02,6910,2336,667,27,200,502.0,,,,,Monday,False,True,5k-10k
4445114986,2016-05-03,7502,2421,725,30,233,417.0,,,,,Tuesday,False,True,5k-10k
4445114986,2016-05-04,2923,2070,897,0,180,337.0,,,,,Wednesday,False,True,<5k
4445114986,2016-05-05,3800,2120,734,2,185,462.0,,,,,Thursday,False,True,<5k
4445114986,2016-05-06,4514,2211,809,0,229,374.0,,,,,Friday,False,True,<5k
4445114986,2016-05-07,5183,2123,866,26,108,401.0,,,,,Saturday,False,True,5k-10k
4445114986,2016-05-08,7303,2423,733,0,308,361.0,,,,,Sunday,False,True,5k-10k
4445114986,2016-05-09,5275,2281,641,0,266,457.0,,,,,Monday,False,True,5k-10k
4445114986,2016-05-10,3915,2181,783,0,231,405.0,,,,,Tuesday,False,True,<5k
4445114986,2016-05-11,9105,2499,622,34,232,499.0,,,,,Wednesday,False,True,5k-10k
4445114986,2016-05-12,768,1212,380,0,58,483.0,,,,,Thursday,False,True,<5k
4558609924,2016-04-12,5135,1909,1122,0,318,,76.6,104.0,57.0,5973.0,Tuesday,False,True,5k-10k
4558609924,2016-04-13,4978,1722,1287,19,127,,85.1,144.0,64.0,2643.0,Wednesday,False,True,<5k
4558609924,2016-04-14,6799,1922,1161,0,279,,81.6,108.0,56.0,5331.0,Thursday,False,True,5k-10k
4558609924,2016-04-15,7795,2121,1131,17,262,,90.9,146.0,58.0,8102.0,Friday,False,True,5k-10k
4558609924,2016-04-16,7289,1997,1112,8,308,,76.3,135.0,55.0,6881.0,Saturday,False,True,5k-10k
4558609924,2016-04-17,9634,2117,1110,7,304,,83.2,136.0,57.0,6141.0,Sunday,False,True,5k-10k
4558609924,2016-04-18,8940,2116,1080,14,331,,80.5,141.0,55.0,6219.0,Monday,False,True,5k-10k
4558609924,2016-04-19,5401,1876,1182,1,248,,83.1,132.0,61.0,4438.0,Tuesday,False,True,5k-10k
4558609924,2016-04-20,4803,1788,1218,0,222,,76.9,110.0,57.0,5135.0,Wednesday,False,True,<5k
4558609924,2016-04-21,13743,2486,844,6,432,126.0,85.7,121.0,54.0,7867.0,Thursday,False,True,>10k
4558609924,2016-04-22,9601,2094,1122,20,273,,82.6,140.0,57.0,6277.0,Friday,False,True,5k-10k
4558609924,2016-04-23,6890,2085,1122,5,308,,85.9,133.0,60.0,6342.0,Saturday,False,True,5k-10k
4558609924,2016-04-24,8563,2173,1045,0,395,,84.0,121.0,58.0,6533.0,Sunday,False,True,5k-10k
4558609924,2016-04-25,8095,2225,993,18,340,,82.5,163.0,55.0,6750.0,Monday,False,True,5k-10k
4558609924,2016-04-26,9148,2223,1062,12,283,103.0,91.3,148.0,59.0,7409.0,Tuesday,False,True,5k-10k
4558609924,2016-04-27,9557,2098,1087,27,312,,84.6,122.0,60.0,6494.0,Wednesday,False,True,5k-10k
4558609924,2016-04-28,9451,2185,985,1,367,,85.6,133.0,59.0,7678.0,Thursday,False,True,5k-10k
4558609924,2016-04-29,7833,1918,1096,15,197,171.0,80.6,139.0,53.0,6943.0,Friday,False,True,5k-10k
4558609924,2016-04-30,10319,2105,1111,7,293,,79.2,134.0,53.0,8817.0,Saturday,False,True,>10k
4558609924,2016-05-01,3428,1692,1121,0,190,115.0,70.8,127.0,53.0,5231.0,Sunday,False,True,<5k
4558609924,2016-05-02,7891,2066,1057,0,383,,78.7,108.0,55.0,6589.0,Monday,False,True,5k-10k
4558609924,2016-05-03,5267,1953,1172,21,237,,82.5,148.0,52.0,7355.0,Tuesday,False,True,5k-10k
4558609924,2016-05-04,5232,1842,1188,0,252,,76.8,127.0,54.0,5604.0,Wednesday,False,True,5k-10k
4558609924,2016-05-05,10611,2262,1048,14,370,,81.9,130.0,48.0,6702.0,Thursday,False,True,>10k
4558609924,2016-05-06,3755,1722,1238,0,202,,71.9,110.0,51.0,5429.0,Friday,False,True,<5k
4558609924,2016-05-07,8237,1973,1116,23,233,,76.2,116.0,54.0,5431.0,Saturday,False,True,5k-10k
4558609924,2016-05-08,6543,2666,1019,66,238,123.0,104.9,199.0,45.0,4606.0,Sunday,False,True,5k-10k
4558609924,2016-05-09,11451,2223,1065,6,339,,79.4,110.0,54.0,6643.0,Monday,False,True,>10k
4558609924,2016-05-10,6435,1889,1191,11,220,,75.8,147.0,50.0,6322.0,Tuesday,False,True,5k-10k
4558609924,2016-05-11,9108,2131,1081,4,324,,74.9,138.0,44.0,6441.0,Wednesday,False,True,5k-10k
4558609924,2016-05-12,6307,1452,736,0,247,,79.7,117.0,54.0,3842.0,Thursday,False,True,5k-10k
4702921684,2016-04-12,7213,2947,718,0,263,425.0,,,,,Tuesday,False,True,5k-10k
4702921684,2016-04-13,6877,2898,777,0,258,400.0,,,,,Wednesday,False,True,5k-10k
4702921684,2016-04-14,7860,2984,772,0,271,384.0,,,,,Thursday,False,True,5k-10k
4702921684,2016-04-15,6506,2896,944,1,256,253.0,,,,,Friday,False,True,5k-10k
4702921684,2016-04-16,11140,3328,556,3,335,382.0,,,,,Saturday,False,True,>10k
4702921684,2016-04-17,12692,3394,437,12,302,591.0,,,,,Sunday,False,True,>10k
4702921684,2016-04-18,9105,3013,890,22,191,293.0,,,,,Monday,False,True,5k-10k
4702921684,2016-04-19,6708,2812,757,10,179,457.0,,,,,Tuesday,False,True,5k-10k
4702921684,2016-04-20,8793,3061,717,2,260,454.0,,,,,Wednesday,False,True,5k-10k
4702921684,2016-04-21,6530,2729,901,4,144,425.0,,,,,Thursday,False,True,5k-10k
4702921684,2016-04-22,1664,2241,1341,0,72,,,,,,Friday,False,True,<5k
4702921684,2016-04-23,15126,3691,469,9,408,465.0,,,,,Saturday,False,True,>10k
4702921684,2016-04-24,15050,3538,542,15,281,480.0,,,,,Sunday,False,True,>10k
4702921684,2016-04-25,9167,3064,730,6,270,370.0,,,,,Monday,False,True,5k-10k
4702921684,2016-04-26,6108,2784,765,1,216,421.0,,,,,Tuesday,False,True,5k-10k
4702921684,2016-04-27,7047,2908,733,1,238,432.0,,,,,Wednesday,False,True,5k-10k
4702921684,2016-04-28,9023,3033,738,14,232,442.0,,,,,Thursday,False,True,5k-10k
4702921684,2016-04-29,9930,3165,692,12,267,433.0,,,,,Friday,False,True,5k-10k
4702921684,2016-04-30,10144,3115,728,4,263,479.0,,,,,Saturday,False,True,>10k
4702921684,2016-05-01,0,2017,1440,0,0,,,,,,Sunday,False,True,<5k
4702921684,2016-05-02,7245,2859,1131,5,195,,,,,,Monday,False,True,5k-10k
4702921684,2016-05-03,9454,3145,729,0,313,327.0,,,,,Tuesday,False,True,5k-10k
4702921684,2016-05-04,8161,3004,757,4,251,412.0,,,,,Wednesday,False,True,5k-10k
4702921684,2016-05-05,8614,3006,745,8,241,414.0,,,,,Thursday,False,True,5k-10k
4702921684,2016-05-06,6943,2859,682,1,207,404.0,,,,,Friday,False,True,5k-10k
4702921684,2016-05-07,14370,3683,577,5,439,520.0,,,,,Saturday,False,True,>10k
4702921684,2016-05-08,12857,3287,1019,9,192,,,,,,Sunday,False,True,>10k
4702921684,2016-05-09,8232,2990,746,0,253,435.0,,,,,Monday,False,True,5k-10k
4702921684,2016-05-10,10613,3172,701,1,262,416.0,,,,,Tuesday,False,True,>10k
4702921684,2016-05-11,9810,3069,784,10,235,354.0,,,,,Wednesday,False,True,5k-10k
4702921684,2016-05-12,2752,1240,241,0,68,404.0,,,,,Thursday,False,True,<5k
5553957443,2016-04-12,11596,2026,767,19,277,441.0,64.4,106.0,50.0,8370.0,Tuesday,False,True,>10k
5553957443,2016-04-13,4832,1718,647,0,226,455.0,61.5,95.0,47.0,8051.0,Wednesday,False,True,<5k
5553957443,2016-04-14,17022,2324,693,61,256,357.0,72.6,133.0,51.0,9922.0,Thursday,False,True,>10k
5553957443,2016-04-15,16556,2254,689,58,239,377.0,69.0,123.0,50.0,9135.0,Friday,False,True,>10k
5553957443,2016-04-16,5771,1831,521,0,288,651.0,66.0,116.0,50.0,8238.0,Saturday,False,True,5k-10k
5553957443,2016-04-17,655,1397,943,0,46,350.0,59.4,84.0,49.0,1437.0,Sunday,False,True,<5k
5553957443,2016-04-18,3727,1683,622,0,206,520.0,65.4,91.0,53.0,7963.0,Monday,False,True,<5k
5553957443,2016-04-19,15482,2284,756,69,249,357.0,74.9,128.0,49.0,10572.0,Tuesday,False,True,>10k
5553957443,2016-04-20,2713,1570,598,0,148,658.0,60.0,84.0,48.0,8239.0,Wednesday,False,True,<5k
5553957443,2016-04-21,12346,2066,801,47,177,399.0,71.3,127.0,49.0,8951.0,Thursday,False,True,>10k
5553957443,2016-04-22,11682,2105,781,25,270,322.0,70.4,128.0,51.0,9088.0,Friday,False,True,>10k
5553957443,2016-04-23,4112,1776,443,0,272,631.0,67.1,94.0,52.0,8275.0,Saturday,False,True,<5k
5553957443,2016-04-24,1807,1507,582,0,104,553.0,64.0,92.0,50.0,7857.0,Sunday,False,True,<5k
5553957443,2016-04-25,10946,2033,732,51,201,433.0,72.0,132.0,52.0,9165.0,Monday,False,True,>10k
5553957443,2016-04-26,11886,2093,750,40,238,412.0,73.0,128.0,53.0,8923.0,Tuesday,False,True,>10k
5553957443,2016-04-27,10538,1922,745,16,206,347.0,65.1,104.0,49.0,8705.0,Wednesday,False,True,>10k
5553957443,2016-04-28,11393,1999,727,49,165,421.0,71.1,149.0,51.0,9114.0,Thursday,False,True,>10k
5553957443,2016-04-29,12764,2169,709,46,270,450.0,73.1,156.0,50.0,11959.0,Friday,False,True,>10k
5553957443,2016-04-30,1202,1463,506,0,84,775.0,65.8,89.0,49.0,8018.0,Saturday,False,True,<5k
5553957443,2016-05-01,5164,1747,436,0,237,622.0,66.5,116.0,49.0,7664.0,Sunday,False,True,5k-10k
5553957443,2016-05-02,9769,1996,724,23,227,409.0,72.6,125.0,50.0,9751.0,Monday,False,True,5k-10k
5553957443,2016-05-03,12848,2116,812,26,247,380.0,70.0,134.0,50.0,9365.0,Tuesday,False,True,>10k
5553957443,2016-05-04,4249,1698,651,0,224,447.0,61.7,108.0,47.0,8459.0,Wednesday,False,True,<5k
5553957443,2016-05-05,14331,2156,692,44,241,419.0,69.4,165.0,49.0,9596.0,Thursday,False,True,>10k
5553957443,2016-05-06,9632,1916,761,21,229,400.0,63.2,104.0,51.0,7143.0,Friday,False,True,5k-10k
5553957443,2016-05-07,1868,1494,902,0,96,442.0,63.0,140.0,51.0,2496.0,Saturday,False,True,<5k
5553957443,2016-05-08,6083,1762,505,3,210,568.0,65.6,110.0,51.0,8317.0,Sunday,False,True,5k-10k
5553957443,2016-05-09,11611,2272,667,59,251,453.0,76.7,149.0,51.0,10059.0,Monday,False,True,>10k
5553957443,2016-05-10,16358,2335,707,61,265,418.0,76.8,133.0,53.0,10173.0,Tuesday,False,True,>10k
5553957443,2016-05-11,4926,1693,628,0,195,463.0,65.4,103.0,54.0,7860.0,Wednesday,False,True,<5k
5553957443,2016-05-12,3121,741,222,8,48,438.0,64.2,107.0,54.0,2309.0,Thursday,False,True,<5k
5577150313,2016-04-12,8135,3405,728,86,140,419.0,65.7,154.0,41.0,8685.0,Tuesday,False,True,5k-10k
5577150313,2016-04-13,5077,2551,776,15,144,432.0,59.7,121.0,44.0,3829.0,Wednesday,False,True,5k-10k
5577150313,2016-04-14,8596,4022,662,118,176,477.0,76.8,172.0,43.0,9806.0,Thursday,False,True,5k-10k
5577150313,2016-04-15,12087,4005,695,115,199,392.0,73.7,157.0,39.0,17001.0,Friday,False,True,>10k
5577150313,2016-04-16,14269,4274,472,184,158,406.0,69.8,136.0,43.0,29330.0,Saturday,False,True,>10k
5577150313,2016-04-17,12231,4552,525,200,159,549.0,71.1,174.0,40.0,8950.0,Sunday,False,True,>10k
5577150313,2016-04-18,9893,3625,623,114,130,527.0,68.6,165.0,41.0,8629.0,Monday,False,True,5k-10k
5577150313,2016-04-19,12574,3501,733,108,111,449.0,70.5,159.0,42.0,8667.0,Tuesday,False,True,>10k
5577150313,2016-04-20,8330,3192,773,87,113,447.0,69.2,135.0,45.0,6535.0,Wednesday,False,True,5k-10k
5577150313,2016-04-21,10830,4018,670,110,175,414.0,72.3,168.0,43.0,10106.0,Thursday,False,True,>10k
5577150313,2016-04-22,9172,3329,823,62,200,338.0,64.6,132.0,43.0,8361.0,Friday,False,True,5k-10k
5577150313,2016-04-23,7638,3152,627,24,223,384.0,65.1,171.0,40.0,8519.0,Saturday,False,True,5k-10k
5577150313,2016-04-24,15764,4392,425,210,141,543.0,72.3,131.0,40.0,8338.0,Sunday,False,True,>10k
5577150313,2016-04-25,6393,3374,743,61,214,421.0,67.5,125.0,43.0,8877.0,Monday,False,True,5k-10k
5577150313,2016-04-26,5325,3088,759,38,181,354.0,65.4,122.0,40.0,8764.0,Tuesday,False,True,5k-10k
5577150313,2016-04-27,6805,3294,773,63,190,424.0,66.4,130.0,42.0,8756.0,Wednesday,False,True,5k-10k
5577150313,2016-04-28,9841,3580,692,99,141,361.0,70.7,171.0,40.0,9062.0,Thursday,False,True,5k-10k
5577150313,2016-04-29,7924,3544,739,97,165,459.0,66.3,141.0,42.0,8712.0,Friday,False,True,5k-10k
5577150313,2016-04-30,12363,4501,621,207,163,412.0,71.6,138.0,41.0,9037.0,Saturday,False,True,>10k
5577150313,2016-05-01,13368,4546,499,194,178,379.0,73.7,140.0,44.0,8923.0,Sunday,False,True,>10k
5577150313,2016-05-02,7439,3014,732,37,235,525.0,64.6,128.0,43.0,4120.0,Monday,False,True,5k-10k
5577150313,2016-05-03,11045,3795,580,97,212,508.0,70.0,154.0,42.0,8690.0,Tuesday,False,True,>10k
5577150313,2016-05-04,5206,2755,631,25,141,603.0,62.2,143.0,36.0,8195.0,Wednesday,False,True,5k-10k
5577150313,2016-05-05,7550,3004,1153,45,143,74.0,72.2,141.0,50.0,4934.0,Thursday,False,True,5k-10k
5577150313,2016-05-06,4950,2643,1304,41,79,,70.5,134.0,48.0,3714.0,Friday,False,True,<5k
5577150313,2016-05-07,0,1819,1440,0,0,,,,,,Saturday,False,True,<5k
5577150313,2016-05-08,0,1819,1440,0,0,,,,,,Sunday,False,True,<5k
5577150313,2016-05-09,3421,2489,1099,34,70,,68.0,130.0,51.0,4373.0,Monday,False,True,<5k
5577150313,2016-05-10,8869,3841,639,104,194,504.0,75.3,172.0,42.0,11173.0,Tuesday,False,True,5k-10k
5577150313,2016-05-11,4038,1665,257,45,63,431.0,67.0,173.0,45.0,4474.0,Wednesday,False,True,<5k
6117666160,2016-04-12,0,1496,1440,0,0,,,,,,Tuesday,False,True,<5k
6117666160,2016-04-13,0,1496,1440,0,0,,,,,,Wednesday,False,True,<5k
6117666160,2016-04-14,0,1496,1440,0,0,,,,,,Thursday,False,True,<5k
6117666160,2016-04-15,14019,2865,921,0,513,,97.9,137.0,57.0,5443.0,Friday,False,True,>10k
6117666160,2016-04-16,14450,2828,502,7,518,380.0,87.0,155.0,54.0,9688.0,Saturday,False,True,>10k
6117666160,2016-04-17,7150,2225,702,0,312,336.0,85.4,130.0,59.0,5824.0,Sunday,False,True,5k-10k
6117666160,2016-04-18,5153,2018,759,0,241,493.0,82.9,116.0,61.0,4125.0,Monday,False,True,5k-10k
6117666160,2016-04-19,11135,2606,425,0,480,465.0,83.5,124.0,53.0,9169.0,Tuesday,False,True,>10k
6117666160,2016-04-20,10449,2536,587,26,349,474.0,85.5,181.0,52.0,9182.0,Wednesday,False,True,>10k
6117666160,2016-04-21,19542,4900,579,11,294,508.0,79.4,154.0,52.0,7416.0,Thursday,False,True,>10k
6117666160,2016-04-22,8206,2409,413,0,402,480.0,81.7,139.0,53.0,9012.0,Friday,False,True,5k-10k
6117666160,2016-04-23,11495,2651,468,0,512,492.0,81.8,121.0,54.0,9450.0,Saturday,False,True,>10k
6117666160,2016-04-24,7623,2305,711,0,362,353.0,84.2,129.0,55.0,5331.0,Sunday,False,True,5k-10k
6117666160,2016-04-25,0,1497,1440,0,0,,,,,,Monday,False,True,<5k
6117666160,2016-04-26,9543,2450,1077,0,352,,90.6,136.0,60.0,6372.0,Tuesday,False,True,5k-10k
6117666160,2016-04-27,9411,2576,417,0,458,542.0,83.1,126.0,52.0,9172.0,Wednesday,False,True,5k-10k
6117666160,2016-04-28,3403,1879,758,0,141,393.0,80.1,145.0,54.0,8044.0,Thursday,False,True,<5k
6117666160,2016-04-29,9592,2560,479,0,461,600.0,82.2,121.0,55.0,9180.0,Friday,False,True,5k-10k
6117666160,2016-04-30,6987,2275,1040,0,343,,85.3,189.0,53.0,5683.0,Saturday,False,True,5k-10k
6117666160,2016-05-01,8915,2361,525,0,397,507.0,77.4,114.0,55.0,4946.0,Sunday,False,True,5k-10k
6117666160,2016-05-02,4933,2044,1204,0,236,,91.7,123.0,61.0,2529.0,Monday,False,True,<5k
6117666160,2016-05-03,0,1496,1440,0,0,,,,,,Tuesday,False,True,<5k
6117666160,2016-05-04,2997,1902,1279,0,156,,92.9,124.0,62.0,2270.0,Wednesday,False,True,<5k
6117666160,2016-05-05,9799,2636,479,0,487,392.0,84.7,120.0,52.0,9413.0,Thursday,False,True,5k-10k
6117666160,2016-05-06,3365,1838,673,0,133,658.0,76.6,126.0,54.0,3483.0,Friday,False,True,<5k
6117666160,2016-05-07,7336,2469,456,0,412,498.0,83.9,126.0,54.0,9044.0,Saturday,False,True,5k-10k
6117666160,2016-05-08,7328,2250,517,0,318,555.0,81.1,118.0,52.0,9173.0,Sunday,False,True,5k-10k
6117666160,2016-05-09,4477,1248,125,0,197,492.0,76.5,113.0,52.0,4950.0,Monday,False,True,<5k
6290855005,2016-04-12,4562,2560,1241,0,199,,,,,,Tuesday,False,True,<5k
6290855005,2016-04-13,7142,2905,1090,0,350,,,,,,Wednesday,False,True,5k-10k
6290855005,2016-04-14,7671,2952,1077,0,363,,,,,,Thursday,False,True,5k-10k
6290855005,2016-04-15,9501,2896,1112,0,328,,,,,,Friday,False,True,5k-10k
6290855005,2016-04-16,8301,2783,1182,0,258,,,,,,Saturday,False,True,5k-10k
6290855005,2016-04-17,7851,3171,1172,31,225,,,,,,Sunday,False,True,5k-10k
6290855005,2016-04-18,6885,2766,1169,0,271,,,,,,Monday,False,True,5k-10k
6290855005,2016-04-19,7142,2839,1119,0,321,,,,,,Tuesday,False,True,5k-10k
6290855005,2016-04-20,6361,2701,1182,0,258,,,,,,Wednesday,False,True,5k-10k
6290855005,2016-04-21,0,2060,1440,0,0,,,,,,Thursday,False,True,<5k
6290855005,2016-04-22,6238,2796,1138,0,302,,,,,,Friday,False,True,5k-10k
6290855005,2016-04-24,5896,2703,1182,0,258,,,,,,Sunday,False,True,5k-10k
6290855005,2016-04-25,7802,2771,1180,8,249,,,,,,Monday,False,True,5k-10k
6290855005,2016-04-26,0,2060,1440,0,0,,,,,,Tuesday,False,True,<5k
6290855005,2016-04-27,5565,2743,1153,0,287,,,,,,Wednesday,False,True,5k-10k
6290855005,2016-04-28,5731,2687,1185,0,255,,,,,,Thursday,False,True,5k-10k
6290855005,2016-04-29,0,2060,1440,0,0,,,,,,Friday,False,True,<5k
6290855005,2016-04-30,6744,2843,1116,0,324,,,,,,Saturday,False,True,5k-10k
6290855005,2016-05-01,9837,3327,1055,8,282,,,,,,Sunday,False,True,5k-10k
6290855005,2016-05-02,6781,2725,1172,0,268,,,,,,Monday,False,True,5k-10k
6290855005,2016-05-03,6047,2671,1200,0,240,,,,,,Tuesday,False,True,5k-10k
6290855005,2016-05-04,5832,2718,1168,0,272,,,,,,Wednesday,False,True,5k-10k
6290855005,2016-05-05,6339,2682,1201,0,239,,,,,,Thursday,False,True,5k-10k
6290855005,2016-05-06,6116,2806,1135,0,305,,,,,,Friday,False,True,5k-10k
6290855005,2016-05-07,5510,2613,1213,0,227,,,,,,Saturday,False,True,5k-10k
6290855005,2016-05-08,7706,2712,1189,0,251,,,,,,Sunday,False,True,5k-10k
6290855005,2016-05-09,6277,2175,800,0,264,,,,,,Monday,False,True,5k-10k
6290855005,2016-05-10,0,0,1440,0,0,,,,,,Tuesday,False,True,<5k
6775888955,2016-04-12,0,1841,1440,0,0,,,,,,Tuesday,False,True,<5k
6775888955,2016-04-13,4053,2400,1053,17,85,235.0,82.7,135.0,55.0,4371.0,Wednesday,False,True,<5k
6775888955,2016-04-14,5162,2507,863,14,105,423.0,79.3,134.0,57.0,6099.0,Thursday,False,True,5k-10k
6775888955,2016-04-15,1282,2127,976,0,58,391.0,80.6,126.0,62.0,3455.0,Friday,False,True,<5k
6775888955,2016-04-16,4732,2225,1377,36,9,,108.6,143.0,70.0,589.0,Saturday,False,True,<5k
6775888955,2016-04-17,2497,2067,1392,5,19,,102.4,118.0,70.0,469.0,Sunday,False,True,<5k
6775888955,2016-04-18,8294,2798,1233,30,146,,97.7,177.0,66.0,2549.0,Monday,False,True,5k-10k
6775888955,2016-04-19,0,1841,1440,0,0,,99.5,177.0,66.0,26.0,Tuesday,False,True,<5k
6775888955,2016-04-20,10771,3727,1079,70,178,,105.6,155.0,70.0,4389.0,Wednesday,False,True,>10k
6775888955,2016-04-21,0,1841,1440,0,0,,,,,,Thursday,False,True,<5k
6775888955,2016-04-22,637,1922,1420,0,20,,90.9,123.0,66.0,340.0,Friday,False,True,<5k
6775888955,2016-04-23,0,1841,1440,0,0,,,,,,Saturday,False,True,<5k
6775888955,2016-04-24,2153,2053,1400,11,11,,109.8,140.0,70.0,347.0,Sunday,False,True,<5k
6775888955,2016-04-25,6474,2484,1302,33,92,,94.7,131.0,58.0,1805.0,Monday,False,True,5k-10k
6775888955,2016-04-26,7091,2584,1321,42,47,,99.7,143.0,56.0,1651.0,Tuesday,False,True,5k-10k
6775888955,2016-04-27,0,1841,1440,0,0,,,,,,Wednesday,False,True,<5k
6775888955,2016-04-28,703,1993,1410,2,15,,104.7,134.0,70.0,309.0,Thursday,False,True,<5k
6775888955,2016-04-29,0,1841,1440,0,0,,81.8,109.0,70.0,19.0,Friday,False,True,<5k
6775888955,2016-04-30,2503,2280,1344,3,84,,96.1,125.0,68.0,1811.0,Saturday,False,True,<5k
6775888955,2016-05-01,2487,2319,1347,9,50,,107.1,129.0,70.0,1085.0,Sunday,False,True,<5k
6775888955,2016-05-02,0,1841,1440,0,0,,,,,,Monday,False,True,<5k
6775888955,2016-05-03,9,1843,1439,0,1,,,,,,Tuesday,False,True,<5k
6775888955,2016-05-04,0,1841,1440,0,0,,,,,,Wednesday,False,True,<5k
6775888955,2016-05-05,0,1841,1440,0,0,,,,,,Thursday,False,True,<5k
6775888955,2016-05-06,4697,2496,1318,12,75,,98.9,135.0,71.0,2330.0,Friday,False,True,<5k
6775888955,2016-05-07,1967,1032,551,2,49,,94.2,118.0,70.0,1127.0,Saturday,False,True,<5k
6962181067,2016-04-12,10199,1994,796,50,189,366.0,85.0,176.0,47.0,9196.0,Tuesday,False,True,>10k
6962181067,2016-04-13,5652,1718,548,8,142,630.0,80.5,149.0,59.0,8266.0,Wednesday,False,True,5k-10k
6962181067,2016-04-14,1551,1466,862,0,86,508.0,70.1,131.0,55.0,8089.0,Thursday,False,True,<5k
6962181067,2016-04-15,5563,1756,837,0,217,370.0,73.0,115.0,54.0,8355.0,Friday,False,True,5k-10k
6962181067,2016-04-16,13217,2173,741,50,280,357.0,82.0,142.0,55.0,9880.0,Saturday,False,True,>10k
6962181067,2016-04-17,10145,2027,634,5,295,427.0,76.7,139.0,58.0,8265.0,Sunday,False,True,>10k
6962181067,2016-04-18,11404,2039,689,13,238,442.0,76.9,134.0,55.0,7963.0,Monday,False,True,>10k
6962181067,2016-04-19,10742,2046,659,35,195,476.0,77.4,135.0,58.0,8612.0,Tuesday,False,True,>10k
6962181067,2016-04-20,13928,2174,639,48,297,418.0,74.9,137.0,50.0,8884.0,Wednesday,False,True,>10k
6962181067,2016-04-21,11835,2179,708,53,214,451.0,83.5,173.0,49.0,9147.0,Thursday,False,True,>10k
6962181067,2016-04-22,10725,2086,659,30,240,425.0,79.1,169.0,55.0,9065.0,Friday,False,True,>10k
6962181067,2016-04-23,20031,2571,484,58,347,528.0,84.6,152.0,52.0,9856.0,Saturday,False,True,>10k
6962181067,2016-04-24,5029,1705,720,0,199,511.0,68.8,114.0,49.0,8643.0,Sunday,False,True,5k-10k
6962181067,2016-04-25,13239,2194,637,35,282,400.0,74.0,142.0,51.0,9093.0,Monday,False,True,>10k
6962181067,2016-04-26,10433,2012,680,36,254,441.0,77.1,140.0,51.0,8917.0,Tuesday,False,True,>10k
6962181067,2016-04-27,10320,2034,697,7,279,455.0,73.0,142.0,53.0,8595.0,Wednesday,False,True,>10k
6962181067,2016-04-28,12627,2182,621,38,288,440.0,82.1,174.0,54.0,8928.0,Thursday,False,True,>10k
6962181067,2016-04-29,10762,2254,645,12,369,433.0,81.0,141.0,56.0,9101.0,Friday,False,True,>10k
6962181067,2016-04-30,10081,2002,731,32,237,422.0,80.2,141.0,53.0,8496.0,Saturday,False,True,>10k
6962181067,2016-05-01,5454,1740,722,0,215,411.0,73.3,127.0,56.0,8096.0,Sunday,False,True,5k-10k
6962181067,2016-05-02,12912,2162,655,18,313,466.0,79.7,140.0,56.0,9518.0,Monday,False,True,>10k
6962181067,2016-05-03,12109,2072,654,21,267,394.0,75.4,157.0,53.0,8757.0,Tuesday,False,True,>10k
6962181067,2016-05-04,10147,2086,683,15,284,442.0,79.5,174.0,55.0,9170.0,Wednesday,False,True,>10k
6962181067,2016-05-05,10524,2066,591,14,305,467.0,76.6,128.0,54.0,7761.0,Thursday,False,True,>10k
6962181067,2016-05-06,5908,1850,717,0,299,443.0,72.3,114.0,52.0,9026.0,Friday,False,True,5k-10k
6962181067,2016-05-07,6815,1947,745,0,328,298.0,77.0,125.0,57.0,8543.0,Saturday,False,True,5k-10k
6962181067,2016-05-08,4188,1659,709,0,151,541.0,75.0,116.0,54.0,7235.0,Sunday,False,True,<5k
6962181067,2016-05-09,12342,2105,607,43,231,489.0,77.0,181.0,56.0,8566.0,Monday,False,True,>10k
6962181067,2016-05-10,15448,2361,626,62,275,469.0,83.3,184.0,57.0,9066.0,Tuesday,False,True,>10k
6962181067,2016-05-11,6722,1855,709,24,199,452.0,79.3,145.0,53.0,9114.0,Wednesday,False,True,5k-10k
6962181067,2016-05-12,3587,928,127,0,105,516.0,75.7,117.0,60.0,4123.0,Thursday,False,True,<5k
7007744171,2016-04-12,14172,2937,1024,53,355,,96.4,151.0,70.0,5506.0,Tuesday,False,True,>10k
7007744171,2016-04-13,12862,2742,1101,56,261,,93.0,144.0,70.0,5936.0,Wednesday,False,True,>10k
7007744171,2016-04-14,11179,2668,1096,34,304,,92.3,132.0,54.0,5982.0,Thursday,False,True,>10k
7007744171,2016-04-15,5273,2098,1238,0,202,,84.8,128.0,60.0,4249.0,Friday,False,True,5k-10k
7007744171,2016-04-16,4631,2076,1155,0,203,79.0,80.0,129.0,61.0,5640.0,Saturday,False,True,<5k
7007744171,2016-04-17,8059,2383,1135,0,305,,86.0,127.0,63.0,5369.0,Sunday,False,True,5k-10k
7007744171,2016-04-18,14816,2832,1077,48,284,,93.2,139.0,65.0,6137.0,Monday,False,True,>10k
7007744171,2016-04-19,14194,2812,1066,53,304,,94.4,138.0,67.0,5737.0,Tuesday,False,True,>10k
7007744171,2016-04-20,15566,3096,1000,60,347,,96.8,151.0,70.0,5886.0,Wednesday,False,True,>10k
7007744171,2016-04-21,13744,2763,1049,30,327,,92.2,136.0,64.0,5820.0,Thursday,False,True,>10k
7007744171,2016-04-22,15299,2889,1065,64,261,,93.9,156.0,57.0,5825.0,Friday,False,True,>10k
7007744171,2016-04-23,8093,2284,1190,2,223,,93.3,135.0,66.0,3034.0,Saturday,False,True,5k-10k
7007744171,2016-04-24,11085,2667,1021,0,419,,95.2,122.0,66.0,4138.0,Sunday,False,True,>10k
7007744171,2016-04-25,18229,3055,986,51,379,,94.6,137.0,60.0,6193.0,Monday,False,True,>10k
7007744171,2016-04-26,15090,2939,978,16,424,,90.7,143.0,63.0,7129.0,Tuesday,False,True,>10k
7007744171,2016-04-27,13541,2830,1041,50,337,,95.2,137.0,71.0,5761.0,Wednesday,False,True,>10k
7007744171,2016-04-28,15128,2836,1007,16,401,,89.5,152.0,58.0,6310.0,Thursday,False,True,>10k
7007744171,2016-04-29,20067,3180,961,55,382,,93.9,145.0,63.0,6555.0,Friday,False,True,>10k
7007744171,2016-04-30,3761,2051,1240,0,200,,80.3,124.0,61.0,5225.0,Saturday,False,True,<5k
7007744171,2016-05-01,5600,2225,1142,0,237,58.0,85.0,128.0,57.0,4655.0,Sunday,False,True,5k-10k
7007744171,2016-05-02,13041,2642,1112,64,250,,86.1,147.0,58.0,5761.0,Monday,False,True,>10k
7007744171,2016-05-03,14510,2976,1021,58,330,,93.4,138.0,65.0,6039.0,Tuesday,False,True,>10k
7007744171,2016-05-04,0,1557,1440,0,0,,,,,,Wednesday,False,True,<5k
7007744171,2016-05-05,15010,2933,1047,53,317,,97.9,133.0,70.0,4825.0,Thursday,False,True,>10k
7007744171,2016-05-06,11459,2553,1136,44,247,,87.2,166.0,62.0,5880.0,Friday,False,True,>10k
7007744171,2016-05-07,0,120,111,0,0,,,,,,Saturday,False,True,<5k
7086361926,2016-04-12,11317,2772,745,59,153,514.0,,,,,Tuesday,False,True,>10k
7086361926,2016-04-13,5813,2516,744,31,155,451.0,,,,,Wednesday,False,True,5k-10k
7086361926,2016-04-14,9123,2734,787,35,189,472.0,,,,,Thursday,False,True,5k-10k
7086361926,2016-04-15,8585,2395,864,30,139,377.0,,,,,Friday,False,True,5k-10k
7086361926,2016-04-16,31,1635,1437,0,3,,,,,,Saturday,False,True,<5k
7086361926,2016-04-17,0,1629,1440,0,0,,,,,,Sunday,False,True,<5k
7086361926,2016-04-18,9827,2743,1136,61,114,,,,,,Monday,False,True,5k-10k
7086361926,2016-04-19,10688,2944,671,67,124,472.0,,,,,Tuesday,False,True,>10k
7086361926,2016-04-20,14365,2997,797,87,145,492.0,,,,,Wednesday,False,True,>10k
7086361926,2016-04-21,9469,2463,758,19,206,390.0,,,,,Thursday,False,True,5k-10k
7086361926,2016-04-22,9753,2846,762,58,153,428.0,,,,,Friday,False,True,5k-10k
7086361926,2016-04-23,2817,1965,1350,0,90,,,,,,Saturday,False,True,<5k
7086361926,2016-04-24,3520,2049,566,0,125,681.0,,,,,Sunday,False,True,<5k
7086361926,2016-04-25,10091,2752,706,69,129,446.0,,,,,Monday,False,True,>10k
7086361926,2016-04-26,10387,2781,726,70,132,485.0,,,,,Tuesday,False,True,>10k
7086361926,2016-04-27,11107,2693,829,55,145,469.0,,,,,Wednesday,False,True,>10k
7086361926,2016-04-28,11584,2862,810,54,161,354.0,,,,,Thursday,False,True,>10k
7086361926,2016-04-29,7881,2616,1198,24,182,,,,,,Friday,False,True,5k-10k
7086361926,2016-04-30,14560,2995,584,42,308,485.0,,,,,Saturday,False,True,>10k
7086361926,2016-05-01,12390,2730,685,30,258,388.0,,,,,Sunday,False,True,>10k
7086361926,2016-05-02,10052,2754,737,66,139,440.0,,,,,Monday,False,True,>10k
7086361926,2016-05-03,10288,2754,761,57,152,456.0,,,,,Tuesday,False,True,>10k
7086361926,2016-05-04,10988,2655,843,45,135,420.0,,,,,Wednesday,False,True,>10k
7086361926,2016-05-05,8564,2386,1253,24,149,,,,,,Thursday,False,True,5k-10k
7086361926,2016-05-06,12461,2924,834,84,154,322.0,,,,,Friday,False,True,>10k
7086361926,2016-05-07,12827,2739,621,20,209,530.0,,,,,Saturday,False,True,>10k
7086361926,2016-05-08,10677,2534,695,32,147,481.0,,,,,Sunday,False,True,>10k
7086361926,2016-05-09,13566,2960,743,67,171,427.0,,,,,Monday,False,True,>10k
7086361926,2016-05-10,14433,2800,1182,72,106,,,,,,Tuesday,False,True,>10k
7086361926,2016-05-11,9572,2735,757,57,128,451.0,,,,,Wednesday,False,True,5k-10k
7086361926,2016-05-12,3789,1199,343,5,58,444.0,,,,,Thursday,False,True,<5k
8053475328,2016-04-12,18060,3186,1193,116,123,,,,,,Tuesday,False,True,>10k
8053475328,2016-04-13,16433,3140,1177,95,156,,,,,,Wednesday,False,True,>10k
8053475328,2016-04-14,20159,3411,1123,119,193,,,,,,Thursday,False,True,>10k
8053475328,2016-04-15,20669,3410,1142,132,158,,,,,,Friday,False,True,>10k
8053475328,2016-04-16,14549,2867,1255,96,83,,,,,,Saturday,False,True,>10k
8053475328,2016-04-17,18827,3213,1113,111,195,,,,,,Sunday,False,True,>10k
8053475328,2016-04-18,17076,3133,1137,102,195,,,,,,Monday,False,True,>10k
8053475328,2016-04-19,15929,3114,1152,90,191,,,,,,Tuesday,False,True,>10k
8053475328,2016-04-20,15108,3043,695,89,158,486.0,,,,,Wednesday,False,True,>10k
8053475328,2016-04-21,16057,3103,1164,100,170,,,,,,Thursday,False,True,>10k
8053475328,2016-04-22,10520,2655,1260,60,117,,,,,,Friday,False,True,>10k
8053475328,2016-04-23,22359,3554,741,125,223,331.0,,,,,Saturday,False,True,>10k
8053475328,2016-04-24,22988,3577,1096,129,182,,,,,,Sunday,False,True,>10k
8053475328,2016-04-25,20500,3403,1104,118,209,,,,,,Monday,False,True,>10k
8053475328,2016-04-26,12685,2846,1182,68,185,,,,,,Tuesday,False,True,>10k
8053475328,2016-04-27,12422,2852,1187,60,183,,,,,,Wednesday,False,True,>10k
8053475328,2016-04-28,15447,3062,1188,90,153,,,,,,Thursday,False,True,>10k
8053475328,2016-04-29,12315,2794,1215,58,159,,,,,,Friday,False,True,>10k
8053475328,2016-04-30,7135,2408,1281,27,131,,,,,,Saturday,False,True,5k-10k
8053475328,2016-05-01,1170,1886,1389,0,51,,,,,,Sunday,False,True,<5k
8053475328,2016-05-02,1969,1988,1345,0,95,,,,,,Monday,False,True,<5k
8053475328,2016-05-03,15484,3023,1166,87,165,,,,,,Tuesday,False,True,>10k
8053475328,2016-05-04,14581,2918,1220,89,123,,,,,,Wednesday,False,True,>10k
8053475328,2016-05-05,14990,2950,1208,93,130,,,,,,Thursday,False,True,>10k
8053475328,2016-05-06,13953,2859,1245,90,90,,,,,,Friday,False,True,>10k
8053475328,2016-05-07,19769,3331,1076,121,148,74.0,,,,,Saturday,False,True,>10k
8053475328,2016-05-08,22026,3589,1073,125,228,,,,,,Sunday,False,True,>10k
8053475328,2016-05-09,12465,2765,1214,66,148,,,,,,Monday,False,True,>10k
8053475328,2016-05-10,14810,2926,1219,96,115,,,,,,Tuesday,False,True,>10k
8053475328,2016-05-11,12209,2809,1189,60,184,,,,,,Wednesday,False,True,>10k
8053475328,2016-05-12,4998,1505,839,28,39,,,,,,Thursday,False,True,<5k
8253242879,2016-04-12,9033,2044,1244,40,154,,,,,,Tuesday,False,True,5k-10k
8253242879,2016-04-13,8053,1935,1298,35,96,,,,,,Wednesday,False,True,5k-10k
8253242879,2016-04-14,5234,1705,1362,29,33,,,,,,Thursday,False,True,5k-10k
8253242879,2016-04-15,2672,1632,1335,0,105,,,,,,Friday,False,True,<5k
8253242879,2016-04-16,9256,1880,1268,6,115,,,,,,Saturday,False,True,5k-10k
8253242879,2016-04-17,10204,2112,1237,41,157,,,,,,Sunday,False,True,>10k
8253242879,2016-04-18,5151,1829,1278,16,130,,,,,,Monday,False,True,5k-10k
8253242879,2016-04-19,4212,1763,1276,0,164,,,,,,Tuesday,False,True,<5k
8253242879,2016-04-20,6466,1931,1201,5,216,,,,,,Wednesday,False,True,5k-10k
8253242879,2016-04-21,11268,2218,1199,49,172,,,,,,Thursday,False,True,>10k
8253242879,2016-04-22,2824,1651,1320,0,120,,,,,,Friday,False,True,<5k
8253242879,2016-04-23,9282,2132,1193,30,191,,,,,,Saturday,False,True,5k-10k
8253242879,2016-04-24,8905,1976,1313,41,82,,,,,,Sunday,False,True,5k-10k
8253242879,2016-04-25,6829,1909,1261,7,118,,,,,,Monday,False,True,5k-10k
8253242879,2016-04-26,4562,1813,1299,19,108,,,,,,Tuesday,False,True,<5k
8253242879,2016-04-27,10232,2008,1286,45,104,,,,,,Wednesday,False,True,>10k
8253242879,2016-04-28,2718,1580,1393,11,20,,,,,,Thursday,False,True,<5k
8253242879,2016-04-29,6260,1854,1257,16,136,,,,,,Friday,False,True,5k-10k
8253242879,2016-04-30,0,0,1440,0,0,,,,,,Saturday,False,True,<5k
8378563200,2016-04-12,7626,3635,723,65,156,338.0,,,,,Tuesday,False,True,5k-10k
8378563200,2016-04-13,12386,4079,680,116,169,447.0,,,,,Wednesday,False,True,>10k
8378563200,2016-04-14,13318,4163,699,123,174,424.0,,,,,Thursday,False,True,>10k
8378563200,2016-04-15,14461,3666,729,60,190,513.0,,,,,Friday,False,True,>10k
8378563200,2016-04-16,11207,3363,563,64,142,611.0,,,,,Saturday,False,True,>10k
8378563200,2016-04-17,2132,2572,599,0,93,525.0,,,,,Sunday,False,True,<5k
8378563200,2016-04-18,13630,4157,720,117,174,398.0,,,,,Monday,False,True,>10k
8378563200,2016-04-19,13070,4092,737,120,154,387.0,,,,,Tuesday,False,True,>10k
8378563200,2016-04-20,9388,3787,763,82,169,381.0,,,,,Wednesday,False,True,5k-10k
8378563200,2016-04-21,15148,4236,677,137,145,396.0,,,,,Thursday,False,True,>10k
8378563200,2016-04-22,12200,4044,769,113,159,441.0,,,,,Friday,False,True,>10k
8378563200,2016-04-23,5709,2908,740,19,136,565.0,,,,,Saturday,False,True,5k-10k
8378563200,2016-04-24,3703,2741,734,0,135,458.0,,,,,Sunday,False,True,<5k
8378563200,2016-04-25,12405,4005,692,117,141,388.0,,,,,Monday,False,True,>10k
8378563200,2016-04-26,16208,3763,593,90,161,550.0,,,,,Tuesday,False,True,>10k
8378563200,2016-04-27,7359,3061,676,4,192,531.0,,,,,Wednesday,False,True,5k-10k
8378563200,2016-04-28,5417,2884,711,11,139,506.0,,,,,Thursday,False,True,5k-10k
8378563200,2016-04-29,6175,2982,767,3,172,527.0,,,,,Friday,False,True,5k-10k
8378563200,2016-04-30,2946,2660,780,0,121,468.0,,,,,Saturday,False,True,<5k
8378563200,2016-05-01,11419,3369,669,71,127,475.0,,,,,Sunday,False,True,>10k
8378563200,2016-05-02,6064,3491,802,63,142,351.0,,,,,Monday,False,True,5k-10k
8378563200,2016-05-03,8712,3784,822,71,195,405.0,,,,,Tuesday,False,True,5k-10k
8378563200,2016-05-04,7875,3110,680,19,167,441.0,,,,,Wednesday,False,True,5k-10k
8378563200,2016-05-05,8567,3783,764,66,214,381.0,,,,,Thursday,False,True,5k-10k
8378563200,2016-05-06,7045,3644,831,74,166,323.0,,,,,Friday,False,True,5k-10k
8378563200,2016-05-07,4468,2799,851,0,158,459.0,,,,,Saturday,False,True,<5k
8378563200,2016-05-08,2943,2685,621,0,139,545.0,,,,,Sunday,False,True,<5k
8378563200,2016-05-09,8382,3721,772,71,171,359.0,,,,,Monday,False,True,5k-10k
8378563200,2016-05-10,6582,3586,840,63,152,342.0,,,,,Tuesday,False,True,5k-10k
8378563200,2016-05-11,9143,3788,763,72,184,368.0,,,,,Wednesday,False,True,5k-10k
8378563200,2016-05-12,4561,1976,433,8,102,496.0,,,,,Thursday,False,True,<5k
8583815059,2016-04-12,5014,2650,1237,0,196,,,,,,Tuesday,False,True,5k-10k
8583815059,2016-04-13,5571,2654,1252,2,163,,,,,,Wednesday,False,True,5k-10k
8583815059,2016-04-14,3135,2443,1306,0,134,,,,,,Thursday,False,True,<5k
8583815059,2016-04-15,3430,2505,1375,0,65,,,,,,Friday,False,True,<5k
8583815059,2016-04-16,5319,2693,1440,0,0,,,,,,Saturday,False,True,5k-10k
8583815059,2016-04-17,3008,2439,1440,0,0,,,,,,Sunday,False,True,<5k
8583815059,2016-04-18,3864,2536,1309,4,105,,,,,,Monday,False,True,<5k
8583815059,2016-04-19,5697,2668,1257,7,166,,,,,,Tuesday,False,True,5k-10k
8583815059,2016-04-20,5273,2647,1246,0,167,,,,,,Wednesday,False,True,5k-10k
8583815059,2016-04-21,8538,2883,1229,35,158,,,,,,Thursday,False,True,5k-10k
8583815059,2016-04-22,8687,2944,1170,4,212,,,,,,Friday,False,True,5k-10k
8583815059,2016-04-23,9423,3012,1151,7,238,,,,,,Saturday,False,True,5k-10k
8583815059,2016-04-24,8286,2889,1188,2,206,,,,,,Sunday,False,True,5k-10k
8583815059,2016-04-25,4503,2547,1294,18,122,,,,,,Monday,False,True,<5k
8583815059,2016-04-26,10499,3093,1134,1,214,,,,,,Tuesday,False,True,>10k
8583815059,2016-04-27,12474,3142,1229,77,129,,,,,,Wednesday,False,True,>10k
8583815059,2016-04-28,6174,2757,1209,0,203,,,,,,Thursday,False,True,5k-10k
8583815059,2016-04-29,15168,3513,1069,46,258,,,,,,Friday,False,True,>10k
8583815059,2016-04-30,10085,3164,1093,2,317,,,,,,Saturday,False,True,>10k
8583815059,2016-05-01,4512,2596,1311,10,117,,,,,,Sunday,False,True,<5k
8583815059,2016-05-02,8469,2894,1440,0,0,,,,,,Monday,False,True,5k-10k
8583815059,2016-05-03,12015,3212,1440,0,0,,,,,,Tuesday,False,True,>10k
8583815059,2016-05-04,3588,2516,1440,0,0,,,,,,Wednesday,False,True,<5k
8583815059,2016-05-05,12427,3266,1370,0,70,,,,,,Thursday,False,True,>10k
8583815059,2016-05-06,5843,2683,1250,2,166,,,,,,Friday,False,True,5k-10k
8583815059,2016-05-07,6117,2810,1190,0,250,,,,,,Saturday,False,True,5k-10k
8583815059,2016-05-08,9217,2940,1183,3,182,,,,,,Sunday,False,True,5k-10k
8583815059,2016-05-09,9877,2947,1260,66,110,,,,,,Monday,False,True,5k-10k
8583815059,2016-05-10,8240,2846,1226,9,162,,,,,,Tuesday,False,True,5k-10k
8583815059,2016-05-11,8701,2804,1106,5,177,,,,,,Wednesday,False,True,5k-10k
8583815059,2016-05-12,0,0,1440,0,0,,,,,,Thursday,False,True,<5k
8792009665,2016-04-12,2564,2044,831,0,116,458.0,68.9,135.0,48.0,7587.0,Tuesday,False,True,<5k
8792009665,2016-04-13,1320,1934,806,0,82,531.0,68.5,121.0,43.0,8044.0,Wednesday,False,True,<5k
8792009665,2016-04-14,1219,1963,853,0,84,486.0,69.1,124.0,46.0,7461.0,Thursday,False,True,<5k
8792009665,2016-04-15,2483,2009,937,0,126,363.0,66.9,116.0,49.0,3605.0,Friday,False,True,<5k
8792009665,2016-04-16,244,1721,1428,0,12,,,,,,Saturday,False,True,<5k
8792009665,2016-04-17,0,1688,1440,0,0,,,,,,Sunday,False,True,<5k
8792009665,2016-04-18,0,1688,1440,0,0,,,,,,Monday,False,True,<5k
8792009665,2016-04-19,0,1688,1440,0,0,,,,,,Tuesday,False,True,<5k
8792009665,2016-04-20,3147,2188,744,0,139,528.0,69.6,120.0,44.0,7765.0,Wednesday,False,True,<5k
8792009665,2016-04-21,144,1720,1431,0,9,,80.8,108.0,66.0,184.0,Thursday,False,True,<5k
8792009665,2016-04-22,4068,2419,817,1,195,391.0,70.3,131.0,44.0,8429.0,Friday,False,True,<5k
8792009665,2016-04-23,5245,2748,795,8,232,339.0,77.8,141.0,48.0,9095.0,Saturday,False,True,5k-10k
8792009665,2016-04-24,400,1799,1410,3,19,,76.0,120.0,55.0,673.0,Sunday,False,True,<5k
8792009665,2016-04-25,0,1688,1440,0,0,,,,,,Monday,False,True,<5k
8792009665,2016-04-26,1321,1928,1360,0,80,,69.8,114.0,54.0,5348.0,Tuesday,False,True,<5k
8792009665,2016-04-27,1758,2067,900,0,112,423.0,68.8,132.0,43.0,8406.0,Wednesday,False,True,<5k
8792009665,2016-04-28,6157,2780,714,0,310,402.0,76.7,134.0,44.0,9374.0,Thursday,False,True,5k-10k
8792009665,2016-04-29,8360,3101,634,6,380,398.0,80.9,158.0,48.0,8907.0,Friday,False,True,5k-10k
8792009665,2016-04-30,7174,2896,749,10,301,343.0,81.5,132.0,48.0,9022.0,Saturday,False,True,5k-10k
8792009665,2016-05-01,1619,1962,834,0,79,503.0,67.8,123.0,43.0,8613.0,Sunday,False,True,<5k
8792009665,2016-05-02,1831,2015,916,0,101,415.0,67.4,129.0,45.0,8217.0,Monday,False,True,<5k
8792009665,2016-05-03,2421,2297,739,0,156,516.0,74.4,119.0,45.0,8496.0,Tuesday,False,True,<5k
8792009665,2016-05-04,2283,2067,848,0,129,439.0,75.0,114.0,51.0,3615.0,Wednesday,False,True,<5k
8792009665,2016-05-05,0,1688,1440,0,0,,,,,,Thursday,False,True,<5k
8792009665,2016-05-06,0,1688,1440,0,0,,,,,,Friday,False,True,<5k
8792009665,2016-05-07,0,1688,1440,0,0,,,,,,Saturday,False,True,<5k
8792009665,2016-05-08,0,1688,1440,0,0,,,,,,Sunday,False,True,<5k
8792009665,2016-05-09,0,1688,1440,0,0,,,,,,Monday,False,True,<5k
8792009665,2016-05-10,0,57,48,0,0,,,,,,Tuesday,False,True,<5k
8877689391,2016-04-12,23186,3921,1036,85,312,,86.5,164.0,47.0,8280.0,Tuesday,False,True,>10k
8877689391,2016-04-13,15337,3566,1098,108,216,,84.7,160.0,50.0,8577.0,Wednesday,False,True,>10k
8877689391,2016-04-14,21129,3793,1061,68,298,,85.3,169.0,50.0,8096.0,Thursday,False,True,>10k
8877689391,2016-04-15,13422,3934,1052,106,281,,91.9,165.0,48.0,9743.0,Friday,False,True,>10k
8877689391,2016-04-16,29326,4547,888,94,429,,92.1,172.0,54.0,8431.0,Saturday,False,True,>10k
8877689391,2016-04-17,15118,3545,1060,58,307,,87.9,167.0,51.0,8071.0,Sunday,False,True,>10k
8877689391,2016-04-18,11423,2761,1215,29,191,,66.0,139.0,48.0,6542.0,Monday,False,True,>10k
8877689391,2016-04-19,18785,3676,1131,82,214,,86.6,178.0,49.0,7877.0,Tuesday,False,True,>10k
8877689391,2016-04-20,19948,3679,1123,73,225,,85.5,173.0,51.0,7807.0,Wednesday,False,True,>10k
8877689391,2016-04-21,19377,3659,1119,82,226,,87.1,170.0,53.0,7582.0,Thursday,False,True,>10k
8877689391,2016-04-22,18258,3427,1141,61,236,,82.8,163.0,47.0,7885.0,Friday,False,True,>10k
8877689391,2016-04-23,11200,3891,1032,102,300,,93.9,165.0,53.0,9225.0,Saturday,False,True,>10k
8877689391,2016-04-24,16674,3455,1148,64,227,,87.3,171.0,51.0,7100.0,Sunday,False,True,>10k
8877689391,2016-04-25,12986,3802,1101,113,218,,89.8,176.0,49.0,9312.0,Monday,False,True,>10k
8877689391,2016-04-26,11101,2860,1157,22,258,,67.6,125.0,49.0,7066.0,Tuesday,False,True,>10k
8877689391,2016-04-27,23629,3808,1104,93,235,,84.8,163.0,46.0,7991.0,Wednesday,False,True,>10k
8877689391,2016-04-28,14890,3060,1143,58,231,,66.8,153.0,47.0,6847.0,Thursday,False,True,>10k
8877689391,2016-04-29,9733,2698,1207,18,210,,64.5,131.0,47.0,6974.0,Friday,False,True,5k-10k
8877689391,2016-04-30,27745,4398,1089,124,223,,102.2,170.0,49.0,8066.0,Saturday,False,True,>10k
8877689391,2016-05-01,10930,2786,1226,36,166,,70.7,145.0,48.0,5983.0,Sunday,False,True,>10k
8877689391,2016-05-02,4790,2189,1335,0,105,,65.9,108.0,47.0,2928.0,Monday,False,True,<5k
8877689391,2016-05-03,10818,2817,1189,19,229,,67.5,150.0,48.0,7133.0,Tuesday,False,True,>10k
8877689391,2016-05-04,18193,3477,1154,66,212,,88.4,168.0,56.0,7191.0,Wednesday,False,True,>10k
8877689391,2016-05-05,14055,3052,1170,67,188,,72.9,142.0,53.0,6092.0,Thursday,False,True,>10k
8877689391,2016-05-06,21727,4015,1095,96,232,,92.8,177.0,47.0,7662.0,Friday,False,True,>10k
8877689391,2016-05-07,12332,4142,1036,105,271,,101.0,166.0,56.0,8699.0,Saturday,False,True,>10k
8877689391,2016-05-08,10686,2847,1174,17,245,,72.6,137.0,54.0,6403.0,Sunday,False,True,>10k
8877689391,2016-05-09,20226,3710,1131,73,217,,89.6,176.0,51.0,7612.0,Monday,False,True,>10k
8877689391,2016-05-10,10733,2832,1187,18,224,,71.5,141.0,50.0,6242.0,Tuesday,False,True,>10k
8877689391,2016-05-11,21420,3832,1127,88,213,,89.1,180.0,48.0,7913.0,Wednesday,False,True,>10k
8877689391,2016-05-12,8064,1849,770,23,137,,71.1,122.0,53.0,3511.0,Thursday,False,True,5k-10k
